(A) Last 3-Day Direction,(P) Triple Crossover,(P) Short Crossover,(P) Trend Longer Than 1 Day,(P) Down-Up Reversal Status,(P) Up-Down Reversal Status,"(P) Reversal Lasted Only 
1-Day","(A) Close From 
Open",(A) Open to Closed Switch,(P) Low < Long Predict,(P) Low < T.Cross Short,(P) Low < T.Cross Long,(P) Medium Crossover,(P) Long Crossover,(P) Short Diff. Direction,(P) Med Diff. Direction,(P) Long Diff. Direction,(P) Med to Short Diff Switch,"(P) Long Diff. Minus 
Med Diff.",(A) High > Short Actual,(P) Neural Index,(A) 2 Day Swing,"(A) 2 Day
Travel",(A) Most Recent Extreme,VIX Factor,"FFT 
Outcome","Akkio
Outcome","Probability 
Outcome is 
No Trade","Probability 
Outcome is 
Won","(P) Long Diff. Minus 
Med Diff. contains outlier",(A) 2 Day Swing contains outlier,"(A) 2 Day
Travel contains outlier",(A) Most Recent Extreme contains outlier,VIX Factor contains outlier,Akkio__Outcome,Probability Outcome is No Trade,Probability Outcome is Won,Probability Outcome is Lost,Probability Outcome is Folded
Flat,Down,Up,No,Currently in Up Trend,Just Entered Up Trend,FALSE,Higher,Stable,TRUE,TRUE,TRUE,Down,Down,Up,Up,Up,Stable,-13.07495,TRUE,up,0.025538937,0.002810437,0.055060556,0.912272727,No Trade,No Trade,0.8930649161338806,0.083805822,,,,,,No Trade,0.8930649161338806,0.083805822,0.018848628,0.004280581
Flat,Down,Up,No,Currently in Up Trend,Just Entered Up Trend,FALSE,Higher,Stable,TRUE,TRUE,TRUE,Down,Down,Up,Up,Up,Stable,-19.59522,TRUE,up,0.022757787,0.001191616,0.055060556,0.548888889,No Trade,No Trade,0.8926927447319031,0.084529653,,,,,,No Trade,0.8926927447319031,0.084529653,0.018675551,0.004101981
Up,Down,Up,Yes,Currently in Up Trend,Reversal Coming,FALSE,Higher,Stable,TRUE,TRUE,TRUE,Down,Down,Up,Up,Up,Stable,-24.20019,TRUE,up,0.019356608,0.002286599,0.055060556,0.804090909,No Trade,No Trade,0.8917344808578491,0.061759438,,,,,,No Trade,0.8917344808578491,0.061759438,0.032739419,0.01376665
Down,Down,Down,Yes,Down Trend Continues,Currently in Down Trend,FALSE,Lower,Stable,TRUE,TRUE,TRUE,Down,Down,Up,Up,Down,Down,-5.68457,FALSE,up,0.024441498,0.002654338,0.055060556,0.960909091,No Trade,No Trade,0.8524478077888489,0.12922580540180206,,,,,,No Trade,0.8524478077888489,0.12922580540180206,0.011205701157450676,0.007120678
Up,Down,Up,No,Currently in Up Trend,Just Entered Up Trend,FALSE,Higher,Stable,TRUE,TRUE,TRUE,Down,Down,Up,Up,Down,Stable,2.04981,TRUE,up,0.023831701,0.006044693,-0.035095998,1.156666667,No Trade,No Trade,0.8449392914772034,0.092314735,,,,,,No Trade,0.8449392914772034,0.092314735,0.046106275,0.016639657
Up,Down,Up,Yes,Currently in Up Trend,Reversal Coming,FALSE,Lower,Down,TRUE,TRUE,TRUE,Down,Down,Up,Up,Up,Stable,-40.783201,TRUE,up,0.023450285,0.007325105,0.055060556,0.6388,No Trade,No Trade,0.8408119678497314,0.10031098127365112,,,,,,No Trade,0.8408119678497314,0.10031098127365112,0.049881324,0.008995708
Flat,Down,Up,No,Currently in Up Trend,Just Entered Up Trend,FALSE,Lower,Down,TRUE,TRUE,TRUE,Down,Down,Up,Up,Up,Stable,-14.30713,TRUE,up,0.02144312,0.005196581,0.055060556,0.737826087,No Trade,No Trade,0.8329945206642151,0.13355152308940887,,,,,,No Trade,0.8329945206642151,0.13355152308940887,0.030143551528453827,0.003310509
Up,Ambig,Up,Yes,Currently in Up Trend,Reversal Coming,FALSE,Lower,Stable,TRUE,TRUE,TRUE,Down,Down,Up,Up,Down,Stable,-1.511233,TRUE,up,0.016755375,0.001218833,0.055060556,0.554814815,No Trade,No Trade,0.8298534154891968,0.081988916,,,,,,No Trade,0.8298534154891968,0.081988916,0.053209904581308365,0.034947820007801056
Flat,Ambig,Up,No,Currently in Up Trend,Just Entered Up Trend,FALSE,Higher,Up,TRUE,TRUE,FALSE,Down,Up,Up,Up,Down,Down,22.605464,TRUE,up,0.013614516,0.001244747,0.055060556,0.508888889,No Trade,No Trade,0.8030913472175598,0.15766039490699768,,,,,,No Trade,0.8030913472175598,0.15766039490699768,0.022445501759648323,0.016802778467535973
Down,Ambig,Down,Yes,Reversal Coming,Currently in Down Trend,FALSE,Higher,Stable,TRUE,TRUE,FALSE,Down,Up,Down,Down,Down,Stable,26.733395,FALSE,down,0.021370516,0.000929841,0.055060556,0.931363636,No Trade,No Trade,0.7929666042327881,0.12655597925186157,,,,,,No Trade,0.7929666042327881,0.12655597925186157,0.043345671,0.037131779
Up,Up,Up,Yes,Currently in Up Trend,Reversal Coming,FALSE,Higher,Stable,TRUE,TRUE,FALSE,Down,Up,Up,Up,Down,Stable,19.732422,TRUE,up,0.019508618,0.004376103,0.055060556,0.859545455,No Trade,No Trade,0.7887991666793823,0.084469371,,,,,,No Trade,0.7887991666793823,0.084469371,0.096802086,0.029929276555776596
Up,Down,Up,Yes,Currently in Up Trend,Reversal Coming,FALSE,Higher,Stable,TRUE,TRUE,TRUE,Down,Down,Up,Up,Up,Stable,-43.19531,TRUE,up,0.06496141,0.007487597,-0.035095998,1.435714286,Won,No Trade,0.7762258648872375,0.10936636477708817,,,,,,No Trade,0.7762258648872375,0.10936636477708817,0.071911089,0.042496681213378906
Up,Up,Up,Yes,Currently in Up Trend,Up Trend Continues,FALSE,Higher,Stable,FALSE,FALSE,FALSE,Up,Up,Down,Up,Up,Up,-44.560547,TRUE,up,0.021029228,0.00532524,0.055060556,0.551481481,No Trade,No Trade,0.7728405594825745,0.14755553007125854,,,,,,No Trade,0.7728405594825745,0.14755553007125854,0.05857173,0.021032229
Down,Down,Down,Yes,Reversal Coming,Currently in Down Trend,FALSE,Lower,Stable,TRUE,TRUE,TRUE,Down,Down,Down,Down,Down,Stable,11.41944,FALSE,down,0.024101586,0.007002153,0.055060556,0.781818182,Lost,No Trade,0.7700030207633972,0.15660470724105835,,,,,,No Trade,0.7700030207633972,0.15660470724105835,0.059765797,0.013626467436552048
Flat,Up,Up,Yes,Currently in Up Trend,Reversal Coming,FALSE,Higher,Stable,TRUE,TRUE,FALSE,Up,Up,Down,Down,Down,Stable,17.369628,TRUE,up,0.0169447,0.000372008,0.055060556,0.484444444,No Trade,No Trade,0.7596492767333984,0.12213864177465439,,,,,,No Trade,0.7596492767333984,0.12213864177465439,0.071193323,0.047018744
Down,Ambig,Down,Yes,Down Trend Continues,Currently in Down Trend,FALSE,Lower,Stable,TRUE,TRUE,TRUE,Down,Down,Down,Down,Down,Stable,12.753908,FALSE,down,0.01290377,0.004841427,0.055060556,0.523333333,Won,No Trade,0.7565779685974121,0.16648344695568085,,,,,,No Trade,0.7565779685974121,0.16648344695568085,0.035371553152799606,0.041567057371139526
Flat,Up,Up,Yes,Currently in Up Trend,Reversal Coming,FALSE,Lower,Down,TRUE,TRUE,FALSE,Up,Up,Down,Down,Down,Up,8.6145,TRUE,up,0.017314559,0.001082733,0.040724869,0.510740741,Won,No Trade,0.7558411955833435,0.11883731931447983,,,,,,No Trade,0.7558411955833435,0.11883731931447983,0.098163784,0.027157718315720558
Down,Down,Down,Yes,Reversal Coming,Currently in Down Trend,FALSE,Lower,Down,TRUE,TRUE,TRUE,Down,Down,Down,Down,Down,Up,-38.95264,FALSE,down,0.026849801,0.004232565,-0.034880474,1.23,No Trade,No Trade,0.7540367841720581,0.16074912250041962,,,,,,No Trade,0.7540367841720581,0.16074912250041962,0.067732848,0.017481284216046333
Down,Down,Down,Yes,Reversal Coming,Currently in Down Trend,FALSE,Lower,Stable,TRUE,TRUE,TRUE,Down,Down,Down,Down,Down,Up,-7.31299,FALSE,down,0.019178327,0.008123551,-0.035095998,1.224285714,No Trade,No Trade,0.7518107891082764,0.13414914906024933,,,,,,No Trade,0.7518107891082764,0.13414914906024933,0.081404105,0.032635912
Flat,Down,Down,Yes,Reversal Coming,Currently in Down Trend,FALSE,Lower,Stable,TRUE,TRUE,TRUE,Down,Down,Down,Up,Up,Stable,-17.47168,FALSE,down,0.018331576,0.002391557,0.055060556,0.935454545,Won,No Trade,0.7457281947135925,0.16740302741527557,,,,,,No Trade,0.7457281947135925,0.16740302741527557,0.076507986,0.010360738262534142
Flat,Down,Up,No,Currently in Up Trend,Just Entered Up Trend,FALSE,Higher,Stable,TRUE,TRUE,TRUE,Down,Down,Up,Up,Up,Stable,4.209964,TRUE,up,0.040975707,0.006628391,-0.058900975,1.449047619,No Trade,No Trade,0.7442642450332642,0.16646461188793182,,,,,,No Trade,0.7442642450332642,0.16646461188793182,0.058256358,0.031014819
Flat,Down,Down,Yes,Reversal Coming,Currently in Down Trend,FALSE,Higher,Up,TRUE,TRUE,TRUE,Down,Down,Down,Down,Down,Up,-2.715821,FALSE,down,0.018667732,0.006736275,0.055060556,0.518518519,No Trade,No Trade,0.7405155897140503,0.15600964426994324,,,,,,No Trade,0.7405155897140503,0.15600964426994324,0.090929419,0.012545354664325714
Flat,Up,Up,No,Currently in Up Trend,Just Entered Up Trend,FALSE,Higher,Stable,TRUE,TRUE,FALSE,Up,Up,Up,Down,Down,Stable,29.1337891,TRUE,up,0.012738854,0.001168331,0.055060556,0.464814815,No Trade,No Trade,0.7384048700332642,0.17405329644680023,,,,,,No Trade,0.7384048700332642,0.17405329644680023,0.067119293,0.020422503352165222
Flat,Up,Up,Yes,Currently in Up Trend,Reversal Coming,FALSE,Lower,Stable,TRUE,TRUE,TRUE,Down,Up,Down,Down,Up,Stable,5.4809572,TRUE,up,0.007805515,0.000676721,0.055060556,0.736521739,Won,No Trade,0.7350159287452698,0.14330324530601501,,,,,,No Trade,0.7350159287452698,0.14330324530601501,0.072455429,0.04922539
Flat,Down,Down,No,Just Entered Down Trend,Currently in Down Trend,TRUE,Lower,Down,TRUE,TRUE,TRUE,Down,Down,Down,Down,Down,Stable,-6.18872,TRUE,down,0.02430919,0.004146609,0.055060556,0.998636364,No Trade,No Trade,0.7349026203155518,0.21536901593208313,,,,,,No Trade,0.7349026203155518,0.21536901593208313,0.047590304,0.002137989
Down,Down,Down,Yes,Reversal Coming,Currently in Down Trend,FALSE,Lower,Stable,TRUE,TRUE,TRUE,Down,Up,Down,Down,Down,Stable,32.49365,TRUE,down,0.026639532,0.006054231,0.055060556,0.972727273,No Trade,No Trade,0.7106378674507141,0.2095302939414978,,,,,,No Trade,0.7106378674507141,0.2095302939414978,0.065586589,0.014245283789932728
Flat,Down,Up,Yes,Currently in Up Trend,Reversal Coming,FALSE,Higher,Up,TRUE,TRUE,TRUE,Up,Down,Down,Up,Up,Stable,-48.3701219,TRUE,down,0.01786806,0.005011489,0.055060556,0.6148,No Trade,No Trade,0.7084581255912781,0.19744296371936798,,,,,,No Trade,0.7084581255912781,0.19744296371936798,0.061965186,0.032133799
Down,Down,Down,Yes,Reversal Coming,Currently in Down Trend,FALSE,Lower,Stable,TRUE,TRUE,TRUE,Down,Down,Down,Down,Down,Up,-14.90429,TRUE,down,0.023977469,0.006872761,-0.035095998,1.36047619,No Trade,No Trade,0.7062399387359619,0.1808432787656784,,,,,,No Trade,0.7062399387359619,0.1808432787656784,0.089438662,0.023478170856833458
Flat,Down,Up,No,Currently in Up Trend,Just Entered Up Trend,FALSE,Higher,Up,TRUE,TRUE,TRUE,Down,Down,Up,Up,Up,Stable,-66.99704,TRUE,up,0.045170999,0.000416779,-0.043134488,1.437142857,No Trade,No Trade,0.7013924717903137,0.2352244108915329,,,,,,No Trade,0.7013924717903137,0.2352244108915329,0.043802522122859955,0.019580654799938202
Flat,Down,Up,Yes,Currently in Up Trend,Reversal Coming,FALSE,Lower,Down,TRUE,TRUE,TRUE,Down,Down,Up,Up,Down,Stable,-1.7085,TRUE,up,0.035672227,0.006167485,-0.035095998,0.800909091,No Trade,No Trade,0.7003483176231384,0.16584134101867676,,,,,,No Trade,0.7003483176231384,0.16584134101867676,0.0982797,0.035530653
Down,Down,Down,Yes,Down Trend Continues,Currently in Down Trend,FALSE,Lower,Stable,TRUE,TRUE,TRUE,Down,Down,Up,Down,Down,Down,13.07105,FALSE,up,0.037758831,0.00301929,-0.043134488,1.598571429,Won,No Trade,0.6974158883094788,0.22407393157482147,,,,,,No Trade,0.6974158883094788,0.22407393157482147,0.027914343401789665,0.050595865
Flat,Down,Up,No,Currently in Up Trend,Just Entered Up Trend,FALSE,Higher,Up,TRUE,TRUE,TRUE,Down,Down,Up,Up,Down,Stable,4.36426,TRUE,up,0.021796048,0.002365702,-0.035095998,0.826363636,No Trade,No Trade,0.6938632130622864,0.21451053023338318,,,,,,No Trade,0.6938632130622864,0.21451053023338318,0.064635202,0.026991054
Up,Up,Up,Yes,Currently in Up Trend,Reversal Coming,FALSE,Higher,Stable,TRUE,TRUE,TRUE,Up,Down,Up,Up,Up,Stable,-46.8125023,TRUE,up,0.020879332,0.004070412,0.055060556,0.733478261,No Trade,No Trade,0.6919576525688171,0.17947590351104736,,,,,,No Trade,0.6919576525688171,0.17947590351104736,0.088060364,0.040506095
Down,Down,Down,Yes,Down Trend Continues,Currently in Down Trend,FALSE,Higher,Up,TRUE,TRUE,TRUE,Down,Down,Up,Down,Down,Stable,-7.72851,FALSE,down,0.023363531,0.006796805,0.055060556,0.786363636,No Trade,No Trade,0.6806042790412903,0.2512695789337158,,,,,,No Trade,0.6806042790412903,0.2512695789337158,0.043987054377794266,0.024139076471328735
Down,Ambig,Down,Yes,Reversal Coming,Currently in Down Trend,FALSE,Lower,Stable,TRUE,TRUE,TRUE,Down,Up,Down,Down,Down,Stable,34.95581,FALSE,down,0.02966675,0.010156711,0.055060556,0.932727273,No Trade,No Trade,0.6804388165473938,0.2053299993276596,,,,,,No Trade,0.6804388165473938,0.2053299993276596,0.065186255,0.049045
Up,Up,Up,Yes,Currently in Up Trend,Up Trend Continues,FALSE,Higher,Stable,FALSE,TRUE,FALSE,Up,Up,Down,Up,Up,Up,-6.799804,TRUE,up,0.016483803,0.002361592,0.055060556,0.951363636,No Trade,No Trade,0.6770647764205933,0.1955353170633316,,,,,,No Trade,0.6770647764205933,0.1955353170633316,0.099801421,0.027598466724157333
Up,Down,Up,No,Currently in Up Trend,Just Entered Up Trend,FALSE,Higher,Up,TRUE,TRUE,TRUE,Down,Down,Up,Up,Up,Stable,-21.19531,TRUE,up,0.044504162,0.003125204,-0.035095998,1.294285714,Won,No Trade,0.6761103272438049,0.21629862487316132,,,,,,No Trade,0.6761103272438049,0.21629862487316132,0.079354241,0.028236757963895798
Flat,Up,Down,No,Just Entered Down Trend,Currently in Down Trend,TRUE,Lower,Stable,TRUE,TRUE,FALSE,Down,Up,Down,Down,Down,Stable,28.662106,FALSE,down,0.012856523,0.002468198,0.055060556,0.528888889,No Trade,No Trade,0.6745215058326721,0.19726981222629547,,,,,,No Trade,0.6745215058326721,0.19726981222629547,0.11779793351888657,0.010410781018435955
Up,Up,Up,Yes,Currently in Up Trend,Reversal Coming,FALSE,Higher,Stable,TRUE,TRUE,FALSE,Up,Up,Up,Up,Up,Stable,7.8779297,TRUE,up,0.018180157,0.000398053,0.055060556,0.501481481,No Trade,No Trade,0.6701580286026001,0.14841000735759735,,,,,,No Trade,0.6701580286026001,0.14841000735759735,0.12338152527809143,0.058050424
Flat,Down,Up,Yes,Currently in Up Trend,Reversal Coming,FALSE,Lower,Stable,TRUE,TRUE,TRUE,Down,Down,Down,Down,Up,Stable,-9.663089,TRUE,down,0.019813604,0.000969039,-0.035095998,0.97,No Trade,No Trade,0.6692153215408325,0.13126128911972046,,,,,,No Trade,0.6692153215408325,0.13126128911972046,0.10769042372703552,0.091832943
Flat,Down,Down,No,Just Entered Down Trend,Currently in Down Trend,FALSE,Lower,Stable,TRUE,TRUE,TRUE,Up,Down,Down,Up,Down,Up,-28.316894,TRUE,down,0.01636438,0.001650922,-0.035095998,0.909090909,No Trade,No Trade,0.6598913669586182,0.23672953248023987,,,,,,No Trade,0.6598913669586182,0.23672953248023987,0.068278961,0.035100217908620834
Flat,Up,Up,Yes,Currently in Up Trend,Up Trend Continues,FALSE,Higher,Stable,TRUE,TRUE,FALSE,Up,Up,Up,Up,Down,Stable,19.990722,TRUE,up,0.016085791,0.000957646,0.055060556,0.467777778,No Trade,No Trade,0.6554918885231018,0.2493254840373993,,,,,,No Trade,0.6554918885231018,0.2493254840373993,0.07365407,0.021528640761971474
Flat,Down,Down,Yes,Reversal Coming,Currently in Down Trend,FALSE,Higher,Up,TRUE,TRUE,TRUE,Down,Down,Up,Up,Up,Stable,-42.36133,FALSE,up,0.024484656,0.006402739,0.055060556,0.844545455,Lost,No Trade,0.6471067667007446,0.28186601400375366,,,,,,No Trade,0.6471067667007446,0.28186601400375366,0.059820957481861115,0.011206312105059624
Flat,Up,Up,Yes,Currently in Up Trend,Up Trend Continues,FALSE,Higher,Stable,TRUE,TRUE,FALSE,Up,Up,Up,Down,Down,Down,26.1337892,TRUE,up,0.010513228,0.000392128,0.055060556,0.453333333,No Trade,No Trade,0.6470311880111694,0.280657023,,,,,,No Trade,0.6470311880111694,0.280657023,0.045336317270994186,0.026975436136126518
Up,Down,Up,No,Currently in Up Trend,Just Entered Up Trend,FALSE,Higher,Up,TRUE,TRUE,TRUE,Down,Down,Up,Up,Up,Stable,3.45386,TRUE,up,0.029731387,0.009319055,-0.043134488,1.520952381,No Trade,No Trade,0.6369861960411072,0.22601023316383362,,,,,,No Trade,0.6369861960411072,0.22601023316383362,0.095358811,0.041644763
Down,Down,Down,Yes,Down Trend Continues,Currently in Down Trend,FALSE,Lower,Down,TRUE,TRUE,TRUE,Down,Down,Down,Down,Down,Stable,22.06934,FALSE,down,0.027289391,0.000246376,-0.043134488,1.293333333,No Trade,No Trade,0.6363831758499146,0.24140094220638275,,,,,,No Trade,0.6363831758499146,0.24140094220638275,0.069104485,0.053111493587493896
Up,Up,Up,Yes,Currently in Up Trend,Up Trend Continues,FALSE,Higher,Stable,FALSE,FALSE,FALSE,Up,Down,Down,Up,Up,Stable,-41.112793,TRUE,up,0.039358312,0.004372556,0.055060556,0.72,No Trade,No Trade,0.6359283924102783,0.25255846977233887,,,,,,No Trade,0.6359283924102783,0.25255846977233887,0.085746482,0.025766719
Flat,Up,Up,Yes,Currently in Up Trend,Reversal Coming,FALSE,Lower,Stable,TRUE,TRUE,FALSE,Up,Up,Down,Down,Down,Stable,11.832031,TRUE,down,0.017892683,1.94156E-05,0.055060556,0.533333333,No Trade,No Trade,0.6311550140380859,0.1558079719543457,,,1,,,No Trade,0.6311550140380859,0.1558079719543457,0.15438508987426758,0.058651969
Flat,Down,Down,Yes,Reversal Coming,Currently in Down Trend,FALSE,Lower,Down,TRUE,TRUE,TRUE,Down,Down,Up,Up,Up,Stable,-36.12207,TRUE,up,0.026622532,0.003499131,0.055060556,0.840454545,No Trade,No Trade,0.6300811171531677,0.3010481297969818,,,,,,No Trade,0.6300811171531677,0.3010481297969818,0.064788774,0.004081973
Down,Down,Down,No,Just Entered Down Trend,Currently in Down Trend,FALSE,Lower,Down,TRUE,TRUE,TRUE,Up,Down,Down,Down,Down,Up,-40.362554,TRUE,down,0.022004229,0.003852315,-0.043134488,1.298571429,No Trade,No Trade,0.6231070160865784,0.29921647906303406,,,,,,No Trade,0.6231070160865784,0.29921647906303406,0.042906728,0.034769829362630844
Down,Down,Down,Yes,Down Trend Continues,Currently in Down Trend,FALSE,Lower,Down,TRUE,TRUE,TRUE,Down,Down,Up,Down,Down,Stable,-15.03589,FALSE,down,0.047110975,0.003455657,-0.035095998,1.81047619,No Trade,No Trade,0.6222469806671143,0.27540087699890137,,,,,,No Trade,0.6222469806671143,0.27540087699890137,0.065216675,0.037135482
Down,Down,Down,Yes,Reversal Coming,Currently in Down Trend,FALSE,Higher,Stable,TRUE,TRUE,TRUE,Down,Down,Up,Down,Down,Stable,-4.8562,FALSE,down,0.037001152,0.007228789,-0.032506596,1.257142857,No Trade,No Trade,0.6187611818313599,0.2361568659543991,,,,,,No Trade,0.6187611818313599,0.2361568659543991,0.092709064,0.052372888
Flat,Up,Down,No,Just Entered Down Trend,Currently in Down Trend,FALSE,Higher,Stable,TRUE,TRUE,FALSE,Up,Up,Down,Down,Down,Stable,5.963379,FALSE,down,0.010296873,0.000226833,0.055060556,0.512592593,Won,No Trade,0.6180285215377808,0.25373414158821106,,,,,,No Trade,0.6180285215377808,0.25373414158821106,0.073764354,0.054472934
Down,Down,Down,Yes,Reversal Coming,Currently in Down Trend,FALSE,Lower,Stable,TRUE,TRUE,TRUE,Down,Down,Down,Down,Down,Stable,-4.18359,FALSE,down,0.038643344,0.013425977,-0.043134488,1.545238095,No Trade,No Trade,0.6120259165763855,0.23248478770256042,,,,,,No Trade,0.6120259165763855,0.23248478770256042,0.10595248639583588,0.049536858
Down,Down,Down,Yes,Reversal Coming,Currently in Down Trend,FALSE,Higher,Up,TRUE,TRUE,TRUE,Down,Down,Up,Up,Down,Stable,-0.00342,TRUE,up,0.034751525,0.000604495,0.055060556,0.712608696,No Trade,No Trade,0.6093511581420898,0.3273797333240509,,,,,,No Trade,0.6093511581420898,0.3273797333240509,0.053642697632312775,0.009626437
Up,Up,Up,No,Currently in Up Trend,Just Entered Up Trend,TRUE,Higher,Up,TRUE,TRUE,TRUE,Up,Up,Up,Up,Up,Down,-14.7182615,TRUE,up,0.024578251,0.003799646,0.055060556,0.960454545,No Trade,No Trade,0.6035448908805847,0.3341272473335266,,,,,,No Trade,0.6035448908805847,0.3341272473335266,0.056326720863580704,0.006001221
Flat,Ambig,Down,Yes,Reversal Coming,Currently in Down Trend,FALSE,Lower,Stable,TRUE,TRUE,TRUE,Down,Up,Up,Down,Down,Stable,31.281738,FALSE,down,0.019534454,0.002874404,0.055060556,0.867272727,No Trade,No Trade,0.6035152077674866,0.23023058474063873,,,,,,No Trade,0.6035152077674866,0.23023058474063873,0.11248046904802322,0.053773772
Flat,Ambig,Down,Yes,Down Trend Continues,Currently in Down Trend,FALSE,Lower,Down,TRUE,TRUE,TRUE,Down,Down,Up,Down,Down,Down,5.43042,TRUE,up,0.013361567,0.004171706,0.040724869,0.537777778,No Trade,No Trade,0.6018333435058594,0.3471902906894684,,,,,,No Trade,0.6018333435058594,0.3471902906894684,0.031688243,0.019288120791316032
Down,Ambig,Down,Yes,Reversal Coming,Currently in Down Trend,FALSE,Lower,Down,TRUE,TRUE,TRUE,Down,Down,Down,Down,Down,Stable,14.840334,TRUE,down,0.011781783,0.000871893,0.055060556,0.852727273,No Trade,No Trade,0.5989751219749451,0.31019461154937744,,,,,,No Trade,0.5989751219749451,0.31019461154937744,0.069036715,0.021793498
Down,Down,Down,Yes,Reversal Coming,Currently in Down Trend,FALSE,Lower,Stable,TRUE,TRUE,TRUE,Down,Down,Down,Down,Down,Stable,-48.07566,TRUE,down,0.046437214,0.011922691,-0.043134488,1.505714286,No Trade,No Trade,0.5911890268325806,0.2944701015949249,,,,,,No Trade,0.5911890268325806,0.2944701015949249,0.089437813,0.024903109297156334
Flat,Up,Up,No,Currently in Up Trend,Just Entered Up Trend,TRUE,Higher,Up,TRUE,TRUE,FALSE,Up,Up,Up,Down,Down,Stable,33.002442,TRUE,up,0.022061908,0.004645235,0.055060556,0.505555556,No Trade,No Trade,0.5911781787872314,0.28090575337409973,,,,,,No Trade,0.5911781787872314,0.28090575337409973,0.1205611452460289,0.007354841
Flat,Ambig,Down,Yes,Reversal Coming,Currently in Down Trend,FALSE,Higher,Stable,TRUE,TRUE,TRUE,Down,Down,Up,Down,Down,Stable,3.65527,TRUE,down,0.021103171,0.002222519,0.055060556,0.6396,No Trade,No Trade,0.5905439853668213,0.2796274423599243,,,,,,No Trade,0.5905439853668213,0.2796274423599243,0.10029326379299164,0.029535273
Up,Up,Up,Yes,Currently in Up Trend,Up Trend Continues,FALSE,Higher,Stable,FALSE,TRUE,FALSE,Up,Up,Down,Up,Up,Stable,-31.931642,TRUE,up,0.014707569,0.000902156,0.055060556,0.548518519,Won,No Trade,0.5841778516769409,0.29315876960754395,,,,,,No Trade,0.5841778516769409,0.29315876960754395,0.091733463,0.030929925
Down,Down,Down,Yes,Down Trend Continues,Currently in Down Trend,FALSE,Higher,Up,TRUE,TRUE,TRUE,Down,Down,Up,Up,Down,Stable,8.4031,FALSE,up,0.047018349,0.001912929,-0.038555205,1.41047619,Won,No Trade,0.5834938883781433,0.30596813559532166,,,,,,No Trade,0.5834938883781433,0.30596813559532166,0.052282158,0.058255840092897415
Flat,Up,Up,Yes,Currently in Up Trend,Reversal Coming,FALSE,Lower,Stable,TRUE,TRUE,TRUE,Up,Down,Down,Up,Up,Stable,-34.526855,TRUE,down,0.035274426,0.005533467,0.055060556,1.027727273,Won,No Trade,0.5833690166473389,0.23332124948501587,,,,,,No Trade,0.5833690166473389,0.23332124948501587,0.1403122842311859,0.042997442185878754
Flat,Down,Down,Yes,Down Trend Continues,Currently in Down Trend,FALSE,Higher,Up,TRUE,TRUE,TRUE,Down,Down,Down,Up,Down,Stable,-102.4578,FALSE,down,0.142337498,0.028160538,-0.052150878,3.428571429,No Trade,No Trade,0.5821943879127502,0.32667091488838196,1,1,1,,1,No Trade,0.5821943879127502,0.32667091488838196,0.072993353,0.018141372
Down,Ambig,Down,Yes,Reversal Coming,Currently in Down Trend,FALSE,Higher,Up,TRUE,TRUE,TRUE,Down,Up,Down,Down,Down,Stable,25.046387,FALSE,down,0.01556257,0.004275563,0.055060556,0.6136,No Trade,No Trade,0.5768578052520752,0.2883613109588623,,,,,,No Trade,0.5768578052520752,0.2883613109588623,0.061995804,0.072785057
Down,Ambig,Down,Yes,Reversal Coming,Currently in Down Trend,FALSE,Higher,Up,TRUE,TRUE,TRUE,Down,Up,Up,Up,Down,Stable,17.4533647,FALSE,up,0.023092095,0.006119895,0.040724869,0.707826087,Lost,No Trade,0.5732241272926331,0.32079261541366577,,,,,,No Trade,0.5732241272926331,0.32079261541366577,0.050216291,0.055766929
Down,Down,Down,Yes,Reversal Coming,Currently in Down Trend,FALSE,Lower,Down,TRUE,TRUE,TRUE,Down,Down,Up,Down,Down,Stable,-55.84497,FALSE,down,0.053393481,0.000525452,-0.040671085,1.401428571,No Trade,No Trade,0.5723653435707092,0.31152644753456116,,,,,,No Trade,0.5723653435707092,0.31152644753456116,0.091430895,0.024677276611328125
Flat,Up,Up,Yes,Currently in Up Trend,Reversal Coming,FALSE,Lower,Down,TRUE,TRUE,FALSE,Up,Up,Down,Down,Down,Up,25.5395503,TRUE,up,0.020103939,0.00327072,-0.035095998,0.816818182,Won,No Trade,0.5699591636657715,0.15801291167736053,,,,,,No Trade,0.5699591636657715,0.15801291167736053,0.17850960791110992,0.093518399
Flat,Up,Up,No,Currently in Up Trend,Just Entered Up Trend,FALSE,Higher,Up,TRUE,TRUE,FALSE,Up,Up,Up,Up,Down,Down,40.5581053,TRUE,up,0.023121491,0.001814673,0.055060556,0.6,Lost,No Trade,0.5691613554954529,0.33945778012275696,,,,,,No Trade,0.5691613554954529,0.33945778012275696,0.068647452,0.022733453661203384
Flat,Up,Up,No,Currently in Up Trend,Just Entered Up Trend,FALSE,Higher,Up,TRUE,TRUE,TRUE,Down,Down,Up,Up,Up,Stable,7.69336,TRUE,up,0.023406032,0.000447357,0.055060556,0.774090909,No Trade,No Trade,0.5689093470573425,0.31991899013519287,,,,,,No Trade,0.5689093470573425,0.31991899013519287,0.092231944,0.018939753994345665
Down,Down,Down,Yes,Down Trend Continues,Currently in Down Trend,FALSE,Higher,Up,TRUE,TRUE,TRUE,Down,Down,Up,Up,Down,Stable,-38.4178,FALSE,down,0.035296774,0.006239129,-0.033888214,1.217142857,No Trade,No Trade,0.5672502517700195,0.3212806284427643,,,,,,No Trade,0.5672502517700195,0.3212806284427643,0.060658611,0.050810549
Flat,Up,Up,Yes,Currently in Up Trend,Up Trend Continues,FALSE,Higher,Stable,TRUE,TRUE,FALSE,Up,Up,Up,Down,Up,Stable,27.246094,TRUE,up,0.009104336,0.002068966,0.055060556,0.513333333,No Trade,No Trade,0.5672457814216614,0.3060697019100189,,,,,,No Trade,0.5672457814216614,0.3060697019100189,0.086425267,0.040259209
Flat,Ambig,Up,Yes,Currently in Up Trend,Reversal Coming,FALSE,Lower,Down,TRUE,TRUE,TRUE,Down,Down,Down,Up,Down,Stable,2.25,TRUE,down,0.019174562,0.00432579,-0.058900975,1.672380952,No Trade,No Trade,0.5644631385803223,0.1688200831413269,,,,,,No Trade,0.5644631385803223,0.1688200831413269,0.11434972286224365,0.1523669958114624
Down,Down,Down,Yes,Reversal Coming,Currently in Down Trend,FALSE,Lower,Stable,TRUE,TRUE,TRUE,Down,Down,Down,Down,Down,Stable,9.1836,TRUE,down,0.028719954,0.00581653,-0.035095998,1.481904762,No Trade,No Trade,0.5641641020774841,0.28374671936035156,,,,,,No Trade,0.5641641020774841,0.28374671936035156,0.11284410953521729,0.039245028
Flat,Up,Up,Yes,Currently in Up Trend,Up Trend Continues,FALSE,Lower,Stable,TRUE,TRUE,FALSE,Up,Up,Down,Down,Down,Stable,28.523926,TRUE,down,0.012575178,0.00184826,0.055060556,0.488888889,No Trade,No Trade,0.5639525055885315,0.26739299297332764,,,,,,No Trade,0.5639525055885315,0.26739299297332764,0.13603202998638153,0.032622416
Down,Ambig,Down,Yes,Reversal Coming,Currently in Down Trend,FALSE,Higher,Up,TRUE,TRUE,TRUE,Down,Down,Down,Down,Down,Stable,15.460445,FALSE,down,0.013590578,0.009151692,0.055060556,0.6368,No Trade,No Trade,0.5620856881141663,0.30468985438346863,,,,,,No Trade,0.5620856881141663,0.30468985438346863,0.073203117,0.060021307319402695
Flat,Ambig,Down,Yes,Down Trend Continues,Currently in Down Trend,FALSE,Higher,Up,TRUE,TRUE,TRUE,Down,Down,Up,Up,Down,Stable,14.431148,TRUE,up,0.010955003,0.002254856,0.055060556,0.478518519,No Trade,No Trade,0.5615627765655518,0.35349127650260925,,,,,,No Trade,0.5615627765655518,0.35349127650260925,0.053345356,0.031600643
Down,Ambig,Down,Yes,Reversal Coming,Currently in Down Trend,FALSE,Higher,Up,TRUE,TRUE,TRUE,Down,Up,Down,Down,Down,Stable,9.476075,FALSE,down,0.014164369,0.008659317,0.040724869,0.6384,No Trade,No Trade,0.5581516027450562,0.30172762274742126,,,,,,No Trade,0.5581516027450562,0.30172762274742126,0.0620161,0.078104734
Up,Up,Up,No,Currently in Up Trend,Just Entered Up Trend,FALSE,Higher,Stable,TRUE,TRUE,TRUE,Up,Up,Up,Up,Up,Down,-13.162109,TRUE,up,0.017422884,0.004078138,-0.035095998,0.733043478,No Trade,No Trade,0.5537237524986267,0.3134433329105377,,,,,,No Trade,0.5537237524986267,0.3134433329105377,0.0663599,0.066472962
Flat,Up,Up,Yes,Currently in Up Trend,Up Trend Continues,FALSE,Higher,Stable,FALSE,FALSE,FALSE,Up,Down,Up,Up,Up,Stable,-40.685055,TRUE,up,0.024842976,0.00740713,0.055060556,0.971818182,No Trade,No Trade,0.5523598790168762,0.3398807644844055,,,,,,No Trade,0.5523598790168762,0.3398807644844055,0.078097038,0.029662322252988815
Flat,Up,Up,Yes,Currently in Up Trend,Up Trend Continues,FALSE,Lower,Down,TRUE,TRUE,FALSE,Up,Up,Down,Down,Down,Stable,3.595215,TRUE,down,0.015060373,6.61536E-05,0.055060556,0.518148148,Won,No Trade,0.5486370325088501,0.3169122040271759,,,,,,No Trade,0.5486370325088501,0.3169122040271759,0.11584486067295074,0.018605850636959076
Flat,Ambig,Down,Yes,Reversal Coming,Currently in Down Trend,FALSE,Lower,Stable,TRUE,TRUE,FALSE,Up,Up,Down,Down,Down,Stable,30.4038086,TRUE,down,0.032012488,0.002413328,0.055060556,0.941363636,Won,No Trade,0.5441272258758545,0.285524458,,,,,,No Trade,0.5441272258758545,0.285524458,0.1324099749326706,0.037938394
Up,Up,Up,No,Currently in Up Trend,Just Entered Up Trend,FALSE,Higher,Stable,FALSE,TRUE,FALSE,Up,Up,Up,Up,Up,Down,24.710205,TRUE,up,0.028854292,0.009851236,0.055060556,0.900454545,No Trade,No Trade,0.5431919097900391,0.317296565,,,,,,No Trade,0.5431919097900391,0.317296565,0.10497722774744034,0.034534343
Down,Down,Down,Yes,Down Trend Continues,Currently in Down Trend,FALSE,Higher,Up,TRUE,TRUE,TRUE,Down,Down,Up,Up,Down,Stable,-43.4028,FALSE,down,0.053746702,0.016885273,-0.032506596,1.482380952,No Trade,No Trade,0.5419840216636658,0.3477935194969177,,,,,,No Trade,0.5419840216636658,0.3477935194969177,0.066950299,0.043272167444229126
Up,Up,Up,Yes,Currently in Up Trend,Reversal Coming,FALSE,Higher,Stable,FALSE,TRUE,FALSE,Down,Down,Up,Up,Up,Stable,-1.236817,TRUE,up,0.025443787,0.008790023,0.055060556,0.6312,Won,No Trade,0.5395013689994812,0.17614752054214478,,,,,,No Trade,0.5395013689994812,0.17614752054214478,0.22907957434654236,0.055271562188863754
Up,Up,Up,Yes,Currently in Up Trend,Up Trend Continues,FALSE,Lower,Down,FALSE,FALSE,FALSE,Up,Up,Down,Up,Up,Stable,-16.940918,TRUE,up,0.021433654,0.002151873,0.055060556,0.502592593,No Trade,No Trade,0.5346574187278748,0.33147957921028137,,,,,,No Trade,0.5346574187278748,0.33147957921028137,0.10760708153247833,0.026255893
Flat,Up,Up,No,Currently in Up Trend,Just Entered Up Trend,TRUE,Higher,Up,FALSE,FALSE,FALSE,Up,Up,Up,Down,Down,Stable,23.426269,TRUE,up,0.024831392,0.000109118,0.055060556,0.493703704,Won,No Trade,0.5340421199798584,0.32021036744117737,,,,,,No Trade,0.5340421199798584,0.32021036744117737,0.13175831735134125,0.013989104889333248
Flat,Up,Up,Yes,Currently in Up Trend,Up Trend Continues,FALSE,Higher,Stable,TRUE,TRUE,TRUE,Up,Up,Up,Down,Up,Stable,10.269043,TRUE,up,0.024492814,0.00198939,0.055060556,0.812727273,No Trade,No Trade,0.5339569449424744,0.360943079,,,,,,No Trade,0.5339569449424744,0.360943079,0.065389588,0.039710417
Flat,Up,Up,Yes,Currently in Up Trend,Reversal Coming,FALSE,Lower,Stable,TRUE,TRUE,FALSE,Up,Up,Down,Down,Down,Up,9.674317,TRUE,down,0.009009257,0.000635078,-0.035095998,0.935,Won,No Trade,0.5280412435531616,0.11946189403533936,,,,,,No Trade,0.5280412435531616,0.11946189403533936,0.20698875188827515,0.14550817012786865
Flat,Up,Up,Yes,Currently in Up Trend,Up Trend Continues,FALSE,Higher,Stable,FALSE,TRUE,FALSE,Up,Up,Down,Down,Down,Stable,39.356442,TRUE,up,0.011126163,0.000731059,0.055060556,0.511111111,No Trade,No Trade,0.5208757519721985,0.3198617100715637,,,,,,No Trade,0.5208757519721985,0.3198617100715637,0.10800334811210632,0.051259201020002365
Down,Ambig,Down,Yes,Reversal Coming,Currently in Down Trend,FALSE,Lower,Stable,TRUE,TRUE,TRUE,Down,Down,Down,Down,Down,Stable,10.90527,FALSE,down,0.025932181,0.004260623,-0.035095998,1.16047619,Won,No Trade,0.5144721269607544,0.2540547251701355,,,,,,No Trade,0.5144721269607544,0.2540547251701355,0.10137824714183807,0.13009493052959442
Down,Down,Down,Yes,Down Trend Continues,Currently in Down Trend,FALSE,Lower,Down,TRUE,TRUE,TRUE,Down,Down,Up,Up,Up,Stable,-47.07182,TRUE,down,0.032237674,0.005058227,-0.033888214,1.212857143,No Trade,No Trade,0.5090230703353882,0.4028790593147278,,,,,,No Trade,0.5090230703353882,0.4028790593147278,0.06606219,0.022035602
Up,Up,Up,Yes,Currently in Up Trend,Up Trend Continues,FALSE,Higher,Stable,FALSE,FALSE,FALSE,Up,Up,Up,Up,Up,Stable,4.060547,TRUE,up,0.009819718,0.005165786,0.040724869,0.448148148,No Trade,No Trade,0.5059394836425781,0.3033524453639984,,,,,,No Trade,0.5059394836425781,0.3033524453639984,0.1223158910870552,0.068392217
Flat,Up,Up,Yes,Currently in Up Trend,Up Trend Continues,FALSE,Higher,Stable,FALSE,TRUE,FALSE,Up,Up,Down,Up,Up,Stable,10.165528,TRUE,up,0.009117721,0.000124662,0.055060556,0.47,No Trade,No Trade,0.5059016346931458,0.35646358132362366,,,,,,No Trade,0.5059016346931458,0.35646358132362366,0.096301362,0.041333489
Down,Ambig,Down,No,Just Entered Down Trend,Currently in Down Trend,FALSE,Higher,Up,TRUE,TRUE,TRUE,Down,Down,Down,Down,Down,Up,3.672851,FALSE,down,0.020011341,0.009910648,-0.035095998,0.992727273,Won,No Trade,0.5039055943489075,0.24687168,,,,,,No Trade,0.5039055943489075,0.24687168,0.049933314,0.19928938150405884
Up,Up,Up,Yes,Currently in Up Trend,Up Trend Continues,FALSE,Lower,Down,FALSE,FALSE,FALSE,Up,Up,Down,Up,Up,Stable,9.85791,TRUE,up,0.011873351,0.004705465,0.055060556,0.494074074,Lost,No Trade,0.5012876987457275,0.3373265862464905,,,,,,No Trade,0.5012876987457275,0.3373265862464905,0.12748491764068604,0.033900726586580276
Up,Up,Up,Yes,Currently in Up Trend,Reversal Coming,FALSE,Higher,Stable,TRUE,TRUE,FALSE,Down,Up,Up,Up,Up,Stable,16.5356415,TRUE,up,0.036254177,0.006060448,-0.043134488,1.216190476,Won,No Trade,0.49794378876686096,0.1451522409915924,,,,,,No Trade,0.49794378876686096,0.1451522409915924,0.20848293602466583,0.148421049
Flat,Up,Up,No,Currently in Up Trend,Just Entered Up Trend,FALSE,Higher,Up,TRUE,TRUE,TRUE,Up,Down,Up,Up,Up,Down,-10.5532224,TRUE,up,0.013683727,0.001611042,0.055060556,0.733478261,No Trade,No Trade,0.49382463097572327,0.43626031279563904,,,,,,No Trade,0.49382463097572327,0.43626031279563904,0.048713848,0.021201244
Down,Ambig,Down,Yes,Reversal Coming,Currently in Down Trend,FALSE,Higher,Up,TRUE,TRUE,TRUE,Down,Up,Up,Down,Down,Stable,27.523682,FALSE,down,0.031982321,0.005989488,0.055060556,0.933181818,No Trade,No Trade,0.48971131443977356,0.34915128350257874,,,,,,No Trade,0.48971131443977356,0.34915128350257874,0.081621744,0.079515606
Flat,Up,Up,Yes,Currently in Up Trend,Up Trend Continues,FALSE,Higher,Up,TRUE,TRUE,FALSE,Up,Up,Down,Up,Up,Stable,-11.312012,TRUE,up,0.009833224,0.004101906,0.040724869,0.6016,Won,No Trade,0.4860476553440094,0.402442604,,,,,,No Trade,0.4860476553440094,0.402442604,0.078619584,0.032890167
Down,Ambig,Down,Yes,Down Trend Continues,Currently in Down Trend,FALSE,Higher,Up,TRUE,TRUE,TRUE,Down,Down,Up,Down,Down,Down,14.05567,TRUE,down,0.014644618,0.001511539,0.055060556,0.494444444,Lost,No Trade,0.4853585362434387,0.43107354640960693,,,,,,No Trade,0.4853585362434387,0.43107354640960693,0.033318382,0.050249554216861725
Up,Up,Up,Yes,Currently in Up Trend,Up Trend Continues,FALSE,Lower,Down,FALSE,FALSE,FALSE,Up,Up,Down,Down,Up,Stable,11.458985,TRUE,up,0.017502894,0.003381407,0.055060556,0.49962963,Won,No Trade,0.48063063621520996,0.3456585705280304,,,,,,No Trade,0.48063063621520996,0.3456585705280304,0.13089428842067719,0.042816471
Flat,Up,Up,Yes,Currently in Up Trend,Up Trend Continues,FALSE,Lower,Down,FALSE,FALSE,FALSE,Up,Up,Down,Down,Up,Stable,2.678223,TRUE,up,0.010651674,0.001524117,0.055060556,0.463333333,No Trade,No Trade,0.4779096841812134,0.39161890745162964,,,,,,No Trade,0.4779096841812134,0.39161890745162964,0.092533074,0.037938334
Flat,Down,Down,Yes,Reversal Coming,Currently in Down Trend,FALSE,Lower,Down,TRUE,TRUE,TRUE,Down,Down,Down,Up,Down,Stable,-14.76074,TRUE,down,0.051717261,0.00842808,-0.035095998,1.46047619,Won,No Trade,0.47722354531288147,0.342332661,,,,,,No Trade,0.47722354531288147,0.342332661,0.16669802367687225,0.013745793141424656
Flat,Up,Up,Yes,Currently in Up Trend,Up Trend Continues,FALSE,Lower,Down,FALSE,FALSE,FALSE,Up,Up,Down,Up,Up,Stable,14.171875,TRUE,up,0.009586838,0.00392318,0.055060556,0.486666667,No Trade,No Trade,0.47425132989883423,0.39184749126434326,,,,,,No Trade,0.47425132989883423,0.39184749126434326,0.10136041045188904,0.032540772
Down,Ambig,Down,Yes,Reversal Coming,Currently in Down Trend,FALSE,Lower,Stable,TRUE,TRUE,TRUE,Down,Up,Down,Down,Down,Stable,42.869625,FALSE,down,0.018231902,0.010705655,-0.032506596,1.133333333,Won,No Trade,0.47093480825424194,0.24657584726810455,,,,,,No Trade,0.47093480825424194,0.24657584726810455,0.10181637853384018,0.1806730180978775
Up,Up,Up,Yes,Currently in Up Trend,Up Trend Continues,FALSE,Higher,Stable,FALSE,FALSE,FALSE,Up,Up,Up,Up,Up,Stable,45.056642,TRUE,up,0.020995651,0.004871321,0.055060556,0.524444444,No Trade,No Trade,0.46712788939476013,0.3049507737159729,,,,,,No Trade,0.46712788939476013,0.3049507737159729,0.1546509861946106,0.073270291
Flat,Up,Up,Yes,Currently in Up Trend,Up Trend Continues,FALSE,Lower,Stable,FALSE,TRUE,FALSE,Up,Up,Down,Up,Up,Stable,-13.395508,TRUE,up,0.019546357,0.0008048,0.055060556,0.47037037,Won,No Trade,0.46702221035957336,0.3912631869316101,,,,,,No Trade,0.46702221035957336,0.3912631869316101,0.11134445667266846,0.030370159074664116
Down,Down,Down,Yes,Down Trend Continues,Currently in Down Trend,FALSE,Higher,Up,TRUE,TRUE,TRUE,Down,Down,Up,Down,Down,Down,12.95996,FALSE,down,0.029374071,0.006602733,-0.043134488,1.226666667,No Trade,No Trade,0.4657342731952667,0.3792751431465149,,,,,,No Trade,0.4657342731952667,0.3792751431465149,0.053203933,0.10178661346435547
Up,Up,Up,Yes,Currently in Up Trend,Up Trend Continues,FALSE,Higher,Stable,FALSE,FALSE,FALSE,Up,Up,Down,Up,Up,Stable,-20.696778,TRUE,up,0.014153989,0.002668812,-0.035095998,0.965454545,No Trade,No Trade,0.46560660004615784,0.287863553,,,,,,No Trade,0.46560660004615784,0.287863553,0.11267878860235214,0.1338510662317276
Flat,Up,Up,Yes,Currently in Up Trend,Reversal Coming,FALSE,Higher,Up,TRUE,TRUE,TRUE,Up,Down,Down,Up,Down,Up,-15.1186525,TRUE,up,0.031746541,0.003351615,-0.058900975,1.512857143,Won,No Trade,0.4652966558933258,0.225904644,,,,,,No Trade,0.4652966558933258,0.225904644,0.15176154673099518,0.1570371836423874
Down,Ambig,Down,Yes,Reversal Coming,Currently in Down Trend,FALSE,Lower,Stable,TRUE,TRUE,TRUE,Down,Down,Down,Down,Down,Stable,2.48632,TRUE,down,0.022681193,0.005764639,-0.035095998,1.155238095,No Trade,No Trade,0.46497130393981934,0.3339347839355469,,,,,,No Trade,0.46497130393981934,0.3339347839355469,0.10839653760194778,0.092697352
Up,Down,Up,Yes,Currently in Up Trend,Up Trend Continues,FALSE,Lower,Down,FALSE,FALSE,TRUE,Up,Down,Up,Up,Up,Stable,-41.6743177,TRUE,up,0.027415352,0.009036888,-0.035095998,0.923636364,Lost,No Trade,0.4644376039505005,0.38961923122406006,,,,,,No Trade,0.4644376039505005,0.38961923122406006,0.09588398,0.05005917
Flat,Up,Up,Yes,Currently in Up Trend,Up Trend Continues,FALSE,Lower,Down,FALSE,FALSE,FALSE,Up,Up,Down,Up,Up,Stable,-5.084961,TRUE,up,0.016167323,0.005688248,0.040724869,0.6072,Lost,No Trade,0.4635072946548462,0.40556836128234863,,,,,,No Trade,0.4635072946548462,0.40556836128234863,0.098162562,0.032761719077825546
Up,Up,Up,Yes,Currently in Up Trend,Up Trend Continues,FALSE,Higher,Stable,FALSE,TRUE,FALSE,Up,Up,Up,Up,Up,Stable,4.805664,TRUE,up,0.014126819,0.003455576,0.055060556,0.85,Won,No Trade,0.46109265089035034,0.34958121180534363,,,,,,No Trade,0.46109265089035034,0.34958121180534363,0.14174510538578033,0.047581006
Flat,Up,Up,Yes,Currently in Up Trend,Up Trend Continues,FALSE,Higher,Stable,FALSE,TRUE,FALSE,Up,Up,Down,Down,Up,Stable,7.630615,TRUE,up,0.010334147,0.001200391,0.040724869,0.524074074,Won,No Trade,0.4597924053668976,0.3754730820655823,,,,,,No Trade,0.4597924053668976,0.3754730820655823,0.10263321548700333,0.062101331
Flat,Up,Up,Yes,Currently in Up Trend,Up Trend Continues,FALSE,Higher,Up,TRUE,TRUE,FALSE,Up,Up,Down,Down,Down,Stable,71.095213,TRUE,up,0.018794591,0.002817377,0.055060556,0.6172,No Trade,No Trade,0.45860645174980164,0.3695741891860962,1,,,,,No Trade,0.45860645174980164,0.3695741891860962,0.1216931864619255,0.050126217
Up,Up,Up,No,Currently in Up Trend,Just Entered Up Trend,FALSE,Higher,Stable,FALSE,TRUE,FALSE,Down,Up,Up,Up,Up,Stable,5.2739263,TRUE,up,0.019701303,0.004967072,-0.035095998,0.779545455,Won,No Trade,0.4576006531715393,0.25055426359176636,,,,,,No Trade,0.4576006531715393,0.25055426359176636,0.21221700310707092,0.079628065
Flat,Up,Up,Yes,Currently in Up Trend,Up Trend Continues,FALSE,Lower,Down,FALSE,TRUE,FALSE,Up,Up,Down,Up,Down,Up,3.89087,TRUE,down,0.013006256,0.004403816,0.040724869,0.465185185,Folded,No Trade,0.45569372177124023,0.32056689262390137,,,,,,No Trade,0.45569372177124023,0.32056689262390137,0.2009187936782837,0.022820642217993736
Flat,Up,Up,Yes,Currently in Up Trend,Up Trend Continues,FALSE,Lower,Down,TRUE,TRUE,FALSE,Up,Up,Down,Down,Down,Stable,9.69043,TRUE,up,0.011325101,0.002096637,-0.035095998,0.814090909,Lost,No Trade,0.45541948080062866,0.3708101511001587,,,,,,No Trade,0.45541948080062866,0.3708101511001587,0.1196657195687294,0.054104648530483246
Flat,Up,Up,Yes,Currently in Up Trend,Up Trend Continues,FALSE,Higher,Stable,FALSE,TRUE,FALSE,Up,Up,Up,Up,Up,Stable,-4.437989,TRUE,up,0.01674889,0.004825622,0.055060556,0.948181818,Lost,No Trade,0.44740793108940125,0.4076673984527588,,,,,,No Trade,0.44740793108940125,0.4076673984527588,0.1049916222691536,0.039932977
Flat,Up,Down,No,Just Entered Down Trend,Currently in Down Trend,FALSE,Lower,Down,TRUE,TRUE,TRUE,Down,Down,Down,Down,Down,Stable,4.559571,TRUE,down,0.013251556,0.00343797,0.055060556,0.510740741,Lost,No Trade,0.4467698633670807,0.4247024953365326,,,,,,No Trade,0.4467698633670807,0.4247024953365326,0.10908424109220505,0.019443459808826447
Up,Up,Up,No,Currently in Up Trend,Just Entered Up Trend,FALSE,Higher,Up,FALSE,FALSE,FALSE,Up,Up,Up,Up,Up,Stable,2.469238,TRUE,up,0.010453745,0.003474352,0.040724869,0.504444444,Folded,No Trade,0.44642287492752075,0.3394075930118561,,,,,,No Trade,0.44642287492752075,0.3394075930118561,0.14810101687908173,0.066068433
Down,Ambig,Down,Yes,Reversal Coming,Currently in Down Trend,FALSE,Lower,Stable,TRUE,TRUE,TRUE,Down,Down,Down,Down,Down,Stable,21.618169,TRUE,down,0.014532243,0.000807428,-0.035095998,0.952272727,Lost,No Trade,0.4463965892791748,0.3251267075538635,,,,,,No Trade,0.4463965892791748,0.3251267075538635,0.11680439859628677,0.1116723045706749
Up,Up,Up,Yes,Currently in Up Trend,Up Trend Continues,FALSE,Higher,Up,TRUE,TRUE,FALSE,Up,Up,Down,Down,Up,Stable,18.370117,TRUE,up,0.036823557,0.001790231,0.031043755,1.31,Won,No Trade,0.4452732503414154,0.36676663160324097,,,,,,No Trade,0.4452732503414154,0.36676663160324097,0.12843962013721466,0.059520479291677475
Flat,Up,Up,Yes,Currently in Up Trend,Up Trend Continues,FALSE,Lower,Down,TRUE,TRUE,TRUE,Up,Up,Down,Down,Up,Stable,-10.639649,TRUE,down,0.01817264,0.002609435,0.055060556,0.725652174,Won,No Trade,0.4444071352481842,0.43363985419273376,,,,,,No Trade,0.4444071352481842,0.43363985419273376,0.096622087,0.025330841541290283
Flat,Up,Down,No,Just Entered Down Trend,Currently in Down Trend,FALSE,Lower,Stable,TRUE,TRUE,FALSE,Up,Up,Down,Down,Down,Stable,31.168457,TRUE,down,0.013922385,0.001248187,0.055060556,0.493703704,No Trade,No Trade,0.4442296624183655,0.3776359260082245,,,,,,No Trade,0.4442296624183655,0.3776359260082245,0.13240846991539001,0.045725997537374496
Flat,Up,Up,Yes,Currently in Up Trend,Up Trend Continues,FALSE,Lower,Stable,TRUE,TRUE,FALSE,Up,Up,Down,Down,Up,Stable,2.943603,TRUE,up,0.015826345,0.000663875,-0.035095998,0.965909091,Folded,No Trade,0.44344624876976013,0.34566476941108704,,,,,,No Trade,0.44344624876976013,0.34566476941108704,0.11935514211654663,0.09153384
Up,Up,Up,Yes,Currently in Up Trend,Up Trend Continues,FALSE,Higher,Stable,TRUE,TRUE,TRUE,Up,Down,Up,Up,Up,Stable,-70.203369,TRUE,up,0.04319813,0.009898766,-0.043134488,1.35952381,Won,No Trade,0.44282248616218567,0.39647459983825684,,,,,,No Trade,0.44282248616218567,0.39647459983825684,0.10585495084524155,0.054847907
Flat,Up,Up,Yes,Currently in Up Trend,Up Trend Continues,FALSE,Lower,Down,FALSE,TRUE,FALSE,Up,Up,Down,Up,Down,Stable,7.827637,TRUE,up,0.019343872,0.005382069,0.055060556,0.509259259,Won,No Trade,0.44272732734680176,0.41670307517051697,,,,,,No Trade,0.44272732734680176,0.41670307517051697,0.12151145190000534,0.019058011
Down,Ambig,Down,Yes,Reversal Coming,Currently in Down Trend,FALSE,Lower,Stable,TRUE,TRUE,FALSE,Up,Up,Down,Down,Down,Stable,25.832031,FALSE,down,0.019550509,0.002785366,-0.035095998,0.802727273,Folded,No Trade,0.4394571781158447,0.25982946157455444,,,,,,No Trade,0.4394571781158447,0.25982946157455444,0.11265496909618378,0.18805839121341705
Up,Up,Up,Yes,Currently in Up Trend,Up Trend Continues,FALSE,Higher,Stable,FALSE,TRUE,FALSE,Up,Up,Down,Up,Up,Up,6.208985,TRUE,up,0.018250231,0.002830714,-0.035095998,0.709130435,No Trade,No Trade,0.4390895366668701,0.2615711987018585,,,,,,No Trade,0.4390895366668701,0.2615711987018585,0.19429339468479156,0.10504589974880219
Flat,Up,Up,Yes,Currently in Up Trend,Up Trend Continues,FALSE,Lower,Down,FALSE,TRUE,FALSE,Up,Up,Down,Up,Down,Stable,7.48315,TRUE,up,0.008963422,0.001120128,0.040724869,0.476296296,Won,No Trade,0.4375113844871521,0.4159693121910095,,,,,,No Trade,0.4375113844871521,0.4159693121910095,0.12183582037687302,0.024683527648448944
Down,Up,Down,No,Just Entered Down Trend,Currently in Down Trend,FALSE,Lower,Down,TRUE,TRUE,FALSE,Up,Up,Down,Down,Down,Stable,19.770264,TRUE,down,0.025388804,0.003075923,0.055060556,0.943181818,Folded,Won,0.43661829829216003,0.45352327823638916,,,,,,Won,0.43661829829216003,0.45352327823638916,0.079321496,0.030536964535713196
Up,Up,Up,Yes,Currently in Up Trend,Reversal Coming,FALSE,Higher,Up,TRUE,TRUE,FALSE,Down,Down,Down,Up,Down,Stable,13.262939,TRUE,up,0.034627324,0.003707508,-0.058900975,1.568571429,Won,No Trade,0.4361504316329956,0.16963225603103638,,,,,,No Trade,0.4361504316329956,0.16963225603103638,0.2460019439458847,0.14821535348892212
Up,Up,Up,Yes,Currently in Up Trend,Up Trend Continues,FALSE,Higher,Stable,FALSE,FALSE,FALSE,Up,Up,Down,Up,Up,Stable,-4.480468,TRUE,up,0.011184284,0.001223255,-0.035095998,0.73,No Trade,No Trade,0.4344407618045807,0.2880106568336487,,,,,,No Trade,0.4344407618045807,0.2880106568336487,0.12588854134082794,0.15166011452674866
Flat,Up,Down,No,Just Entered Down Trend,Currently in Down Trend,FALSE,Lower,Down,TRUE,TRUE,FALSE,Up,Up,Down,Down,Down,Stable,6.860839,TRUE,down,0.023101172,0.001381353,0.055060556,0.906363636,Won,Won,0.4279687702655792,0.4378143548965454,,,,,,Won,0.4279687702655792,0.4378143548965454,0.10919662564992905,0.025020353496074677
Up,Up,Up,Yes,Currently in Up Trend,Up Trend Continues,FALSE,Higher,Up,FALSE,FALSE,FALSE,Up,Up,Down,Up,Up,Stable,3.496094,TRUE,up,0.023538909,0.000752246,0.055060556,0.454814815,Lost,No Trade,0.4238508641719818,0.3882366716861725,,,,,,No Trade,0.4238508641719818,0.3882366716861725,0.12595941126346588,0.061953034
Down,Ambig,Down,Yes,Down Trend Continues,Currently in Down Trend,FALSE,Lower,Stable,TRUE,TRUE,TRUE,Down,Down,Up,Down,Down,Stable,48.99756,FALSE,down,0.026676126,0.011553273,-0.032506596,1.148095238,Won,No Trade,0.42341142892837524,0.2716517746448517,,,,,,No Trade,0.42341142892837524,0.2716517746448517,0.098274261,0.20666258037090302
Flat,Up,Up,Yes,Currently in Up Trend,Up Trend Continues,FALSE,Lower,Down,TRUE,TRUE,FALSE,Up,Up,Down,Up,Up,Stable,-14.192627,TRUE,up,0.031263416,0.004859148,-0.032506596,1.096666667,Lost,Won,0.41916608810424805,0.4254314601421356,,,,,,Won,0.41916608810424805,0.4254314601421356,0.11642229557037354,0.038980126
Flat,Up,Down,Yes,Reversal Coming,Currently in Down Trend,FALSE,Higher,Up,TRUE,TRUE,FALSE,Down,Up,Down,Down,Down,Stable,33.191895,FALSE,down,0.023947939,0.005639723,0.055060556,0.859090909,Lost,No Trade,0.4189164340496063,0.3071739375591278,,,,,,No Trade,0.4189164340496063,0.3071739375591278,0.2361205816268921,0.037789080291986465
Flat,Up,Down,Yes,Reversal Coming,Currently in Down Trend,FALSE,Lower,Down,TRUE,TRUE,TRUE,Down,Down,Down,Down,Down,Stable,-4.291016,TRUE,down,0.018331272,0.000474464,0.055060556,0.817727273,No Trade,No Trade,0.4185662567615509,0.3846155107021332,,,,,,No Trade,0.4185662567615509,0.3846155107021332,0.18575727939605713,0.011060992255806923
Flat,Up,Up,Yes,Currently in Up Trend,Up Trend Continues,FALSE,Lower,Down,TRUE,TRUE,FALSE,Up,Up,Down,Down,Up,Stable,-6.647949,TRUE,up,0.009883543,0.000664979,-0.035095998,0.999545455,Won,No Trade,0.41762658953666687,0.41077661514282227,,,,,,No Trade,0.41762658953666687,0.41077661514282227,0.11041778326034546,0.061178926
Up,Up,Up,Yes,Currently in Up Trend,Up Trend Continues,FALSE,Higher,Stable,FALSE,FALSE,FALSE,Up,Up,Down,Down,Up,Stable,-13.2085,TRUE,up,0.039994367,0.001777367,-0.035095998,1.116666667,No Trade,No Trade,0.4146682620048523,0.3009980022907257,,,,,,No Trade,0.4146682620048523,0.3009980022907257,0.1268962174654007,0.1574375331401825
Down,Down,Down,Yes,Reversal Coming,Currently in Down Trend,FALSE,Higher,Up,TRUE,TRUE,TRUE,Down,Down,Up,Down,Down,Stable,-13.915,FALSE,down,0.049813728,0.014330741,-0.035095998,1.423809524,No Trade,No Trade,0.4131591320037842,0.39062899351119995,,,,,,No Trade,0.4131591320037842,0.39062899351119995,0.1326145976781845,0.063597269
Flat,Down,Down,Yes,Down Trend Continues,Currently in Down Trend,FALSE,Higher,Up,TRUE,TRUE,TRUE,Down,Down,Up,Down,Up,Down,6.90161,FALSE,up,0.042188209,0.010677322,-0.058900975,1.513333333,Won,Won,0.4119513928890228,0.42710375785827637,,,,,,Won,0.4119513928890228,0.42710375785827637,0.060755401849746704,0.10018948465585709
Down,Ambig,Down,Yes,Reversal Coming,Currently in Down Trend,FALSE,Lower,Stable,TRUE,TRUE,TRUE,Down,Down,Down,Down,Down,Stable,43.52198,FALSE,down,0.077277069,0.012485743,-0.034880474,1.498095238,Lost,No Trade,0.4106205105781555,0.29747670888900757,,1,,,,No Trade,0.4106205105781555,0.29747670888900757,0.16328361630439758,0.1286192089319229
Up,Up,Up,Yes,Currently in Up Trend,Up Trend Continues,FALSE,Higher,Stable,FALSE,TRUE,FALSE,Up,Up,Down,Down,Down,Up,25.916504,TRUE,up,0.034620797,0.001694863,-0.058900975,1.333333333,No Trade,No Trade,0.4096115231513977,0.22973990440368652,,,,,,No Trade,0.4096115231513977,0.22973990440368652,0.210144043,0.1505044847726822
Flat,Up,Up,Yes,Currently in Up Trend,Up Trend Continues,FALSE,Lower,Stable,FALSE,TRUE,FALSE,Up,Up,Down,Down,Down,Stable,13.696777,TRUE,down,0.006982734,0.002108007,0.055060556,0.488518519,No Trade,No Trade,0.40771427750587463,0.36004534363746643,,,,,,No Trade,0.40771427750587463,0.36004534363746643,0.18259039521217346,0.049649943
Up,Up,Up,Yes,Currently in Up Trend,Up Trend Continues,FALSE,Lower,Down,FALSE,FALSE,FALSE,Up,Up,Up,Up,Up,Stable,6.903808,TRUE,up,0.021209396,0.00747361,0.055060556,0.488518519,Lost,No Trade,0.40754008293151855,0.39699357748031616,,,,,,No Trade,0.40754008293151855,0.39699357748031616,0.16052278876304626,0.034943458
Down,Up,Down,Yes,Reversal Coming,Currently in Down Trend,FALSE,Lower,Down,TRUE,TRUE,FALSE,Up,Up,Down,Down,Down,Stable,5.8657229,FALSE,up,0.028926511,0.001532286,-0.035095998,1.153809524,Won,No Trade,0.4074217677116394,0.3975486159324646,,,,,,No Trade,0.4074217677116394,0.3975486159324646,0.1306583434343338,0.06437131
Up,Up,Up,Yes,Currently in Up Trend,Up Trend Continues,FALSE,Higher,Stable,FALSE,FALSE,FALSE,Up,Up,Up,Up,Up,Stable,34.159181,TRUE,up,0.073964052,0.02107678,0.03384222,1.984285714,No Trade,No Trade,0.40360593795776367,0.34612154960632324,,,1,,,No Trade,0.40360593795776367,0.34612154960632324,0.18230561912059784,0.067966886
Flat,Up,Down,No,Just Entered Down Trend,Currently in Down Trend,FALSE,Lower,Down,TRUE,TRUE,FALSE,Up,Up,Down,Down,Down,Up,17.0004883,TRUE,down,0.02396068,0.001689837,-0.031311986,1.573333333,Won,No Trade,0.38912177085876465,0.37022465467453003,,,,,,No Trade,0.38912177085876465,0.37022465467453003,0.1718136966228485,0.068839863
Up,Up,Up,Yes,Currently in Up Trend,Up Trend Continues,FALSE,Higher,Stable,FALSE,FALSE,TRUE,Down,Down,Up,Up,Up,Stable,-11.010259,TRUE,up,0.030927123,0.004318378,-0.035095998,0.888181818,Lost,No Trade,0.3882846236228943,0.33742234110832214,,,,,,No Trade,0.3882846236228943,0.33742234110832214,0.15957151353359222,0.11472158879041672
Flat,Up,Down,No,Just Entered Down Trend,Currently in Down Trend,FALSE,Lower,Down,TRUE,TRUE,FALSE,Up,Up,Down,Down,Down,Stable,32.492676,TRUE,down,0.014703793,0.001887873,0.055060556,0.536296296,No Trade,Won,0.38737908005714417,0.4481745660305023,,,,,,Won,0.38737908005714417,0.4481745660305023,0.13313810527324677,0.031308342
Down,Ambig,Down,No,Just Entered Down Trend,Currently in Down Trend,FALSE,Lower,Stable,TRUE,TRUE,TRUE,Up,Down,Down,Down,Down,Stable,-27.8249496,TRUE,down,0.022226499,0.000573714,-0.058900975,1.611428571,No Trade,No Trade,0.3834018111228943,0.37707269191741943,,,,,,No Trade,0.3834018111228943,0.37707269191741943,0.040740907192230225,0.19878453016281128
Up,Up,Up,Yes,Currently in Up Trend,Up Trend Continues,FALSE,Higher,Stable,FALSE,TRUE,FALSE,Up,Up,Down,Down,Down,Stable,11.490234,TRUE,up,0.024672321,0.001207842,-0.032506596,0.895,No Trade,No Trade,0.3815730810165405,0.31533199548721313,,,,,,No Trade,0.3815730810165405,0.31533199548721313,0.17247729003429413,0.1306176781654358
Down,Ambig,Down,Yes,Reversal Coming,Currently in Down Trend,FALSE,Lower,Stable,TRUE,TRUE,TRUE,Down,Down,Up,Down,Down,Down,16.02393,TRUE,down,0.02238889,0.002069953,-0.035095998,0.880454545,Won,Won,0.37970808148384094,0.42816466093063354,,,,,,Won,0.37970808148384094,0.42816466093063354,0.08764489,0.10448237508535385
Up,Up,Up,Yes,Currently in Up Trend,Up Trend Continues,FALSE,Higher,Stable,FALSE,TRUE,FALSE,Up,Up,Up,Up,Up,Stable,28.966797,TRUE,up,0.02663995,0.003327058,0.031043755,1.278095238,No Trade,No Trade,0.37967121601104736,0.36463120579719543,,,,,,No Trade,0.37967121601104736,0.36463120579719543,0.18225903809070587,0.07343848
Up,Up,Up,No,Currently in Up Trend,Just Entered Up Trend,TRUE,Higher,Up,TRUE,TRUE,TRUE,Down,Down,Up,Up,Up,Stable,8.24805,TRUE,up,0.088858007,0.004255146,-0.043134488,1.493809524,Won,No Trade,0.37620946764945984,0.3447975218296051,,1,,,,No Trade,0.37620946764945984,0.3447975218296051,0.2651746869087219,0.013818408362567425
Down,Down,Down,Yes,Reversal Coming,Currently in Down Trend,FALSE,Higher,Up,TRUE,TRUE,TRUE,Up,Down,Down,Down,Down,Stable,-25.4895024,FALSE,down,0.036833398,0.021502788,-0.043134488,1.245714286,No Trade,Won,0.3742685914039612,0.43558499217033386,,,1,,,Won,0.3742685914039612,0.43558499217033386,0.10943607985973358,0.080710284
Flat,Up,Up,Yes,Currently in Up Trend,Up Trend Continues,FALSE,Lower,Down,FALSE,TRUE,FALSE,Up,Up,Down,Down,Down,Stable,1.110352,TRUE,down,0.013500866,0.001370826,0.055060556,0.516296296,Won,Won,0.3699176013469696,0.4291149377822876,,,,,,Won,0.3699176013469696,0.4291149377822876,0.17103323340415955,0.029934195801615715
Flat,Up,Down,Yes,Reversal Coming,Currently in Down Trend,FALSE,Higher,Up,TRUE,TRUE,FALSE,Up,Up,Up,Down,Down,Stable,22.938477,FALSE,up,0.013443617,0.003799722,0.055060556,0.478148148,Won,Won,0.3588833510875702,0.4204283356666565,,,,,,Won,0.3588833510875702,0.4204283356666565,0.1753040999174118,0.045384198
Up,Up,Up,Yes,Currently in Up Trend,Up Trend Continues,FALSE,Higher,Stable,FALSE,FALSE,FALSE,Up,Down,Up,Up,Up,Stable,-35.9511725,TRUE,up,0.040763265,0.009985491,-0.035095998,0.995,Folded,Won,0.35333308577537537,0.36880603432655334,,,,,,Won,0.35333308577537537,0.36880603432655334,0.17728407680988312,0.10057684034109116
Flat,Up,Up,Yes,Currently in Up Trend,Up Trend Continues,FALSE,Lower,Down,FALSE,TRUE,FALSE,Up,Up,Down,Down,Up,Stable,4.020508,TRUE,up,0.012810265,0.003053516,0.040724869,0.458888889,No Trade,Won,0.34786346554756165,0.48387277126312256,,,,,,Won,0.34786346554756165,0.48387277126312256,0.13125012814998627,0.037013635
Up,Up,Up,Yes,Currently in Up Trend,Up Trend Continues,FALSE,Lower,Down,FALSE,TRUE,FALSE,Up,Up,Up,Down,Down,Stable,24.400879,TRUE,up,0.024621907,0.005159019,0.055060556,0.506296296,Won,Won,0.34729671478271484,0.4122571647167206,,,,,,Won,0.34729671478271484,0.4122571647167206,0.20841334760189056,0.032032743096351624
Flat,Up,Up,Yes,Currently in Up Trend,Up Trend Continues,FALSE,Lower,Down,FALSE,TRUE,FALSE,Up,Up,Up,Down,Down,Down,25.457764,TRUE,up,0.024047508,0.005824633,0.055060556,0.775909091,Folded,Won,0.3456825017929077,0.5310468077659607,,,,,,Won,0.3456825017929077,0.5310468077659607,0.096050419,0.027220326
Flat,Up,Up,Yes,Currently in Up Trend,Up Trend Continues,FALSE,Higher,Stable,FALSE,TRUE,FALSE,Up,Up,Up,Down,Up,Stable,38.058106,TRUE,up,0.026268574,0.00672107,0.055060556,0.546666667,Won,Won,0.34318336844444275,0.43815910816192627,,,,,,Won,0.34318336844444275,0.43815910816192627,0.15433622896671295,0.064321227
Up,Up,Up,Yes,Currently in Up Trend,Up Trend Continues,FALSE,Higher,Stable,FALSE,TRUE,FALSE,Up,Up,Up,Up,Up,Stable,-64.296387,TRUE,up,0.04457478,0.009361471,-0.035095998,1.222380952,No Trade,Won,0.3387604057788849,0.42800742387771606,,,,,,Won,0.3387604057788849,0.42800742387771606,0.15650200843811035,0.076730281
Up,Up,Up,Yes,Currently in Up Trend,Up Trend Continues,FALSE,Higher,Stable,FALSE,FALSE,FALSE,Up,Up,Up,Up,Up,Stable,-6.466797,TRUE,up,0.021976259,0.009381849,-0.035095998,0.708695652,No Trade,Won,0.33574748039245605,0.3458041846752167,,,,,,Won,0.33574748039245605,0.3458041846752167,0.16646751761436462,0.15198084712028503
Up,Up,Up,Yes,Currently in Up Trend,Up Trend Continues,FALSE,Higher,Up,FALSE,FALSE,FALSE,Up,Up,Up,Up,Up,Stable,3.29053,TRUE,up,0.042117715,0.002687889,0.031177578,1.798095238,Won,Won,0.3337530791759491,0.4324095547199249,,,,,,Won,0.3337530791759491,0.4324095547199249,0.1470591276884079,0.086778261
Up,Up,Up,Yes,Currently in Up Trend,Up Trend Continues,FALSE,Higher,Stable,FALSE,TRUE,FALSE,Up,Up,Down,Up,Up,Stable,9.522461,TRUE,up,0.00896097,0.001384676,-0.035095998,0.6004,No Trade,Won,0.3309321999549866,0.34876760840415955,,,,,,Won,0.3309321999549866,0.34876760840415955,0.18086422979831696,0.13943597674369812
Flat,Up,Up,Yes,Currently in Up Trend,Up Trend Continues,FALSE,Higher,Stable,FALSE,FALSE,FALSE,Up,Up,Up,Up,Down,Stable,23.041748,TRUE,up,0.012064979,0.001108811,-0.058900975,0.970454545,Folded,Won,0.3273310661315918,0.33647823333740234,,,,,,Won,0.3273310661315918,0.33647823333740234,0.13727690279483795,0.19891390204429626
Up,Up,Up,Yes,Currently in Up Trend,Up Trend Continues,FALSE,Higher,Stable,FALSE,FALSE,FALSE,Up,Up,Up,Up,Up,Stable,22.040039,TRUE,up,0.017810142,0.005795059,-0.034880474,1.19047619,Won,No Trade,0.32100942730903625,0.31807073950767517,,,,,,No Trade,0.32100942730903625,0.31807073950767517,0.17056207358837128,0.19035780429840088
Flat,Up,Up,Yes,Currently in Up Trend,Up Trend Continues,FALSE,Higher,Up,FALSE,TRUE,FALSE,Up,Up,Down,Down,Up,Stable,-10.495605,TRUE,up,0.015614494,0.000953806,0.055060556,0.452592593,Won,Won,0.31986546516418457,0.5185797214508057,,,,,,Won,0.31986546516418457,0.5185797214508057,0.10809698700904846,0.053457796573638916
Flat,Up,Up,Yes,Currently in Up Trend,Up Trend Continues,FALSE,Lower,Down,TRUE,TRUE,FALSE,Up,Up,Down,Down,Down,Stable,19.334473,TRUE,down,0.009875813,0.001555602,-0.058900975,1.024545455,Folded,Won,0.31491196155548096,0.3842148780822754,,,,,,Won,0.31491196155548096,0.3842148780822754,0.2050061672925949,0.095866896
Up,Up,Up,Yes,Currently in Up Trend,Up Trend Continues,FALSE,Lower,Down,FALSE,TRUE,FALSE,Up,Up,Down,Up,Down,Stable,14.496093,TRUE,up,0.014852958,0.001327474,-0.035095998,0.778181818,Won,Won,0.30494970083236694,0.3986949920654297,,,,,,Won,0.30494970083236694,0.3986949920654297,0.2240697294473648,0.0722856
Flat,Up,Up,Yes,Currently in Up Trend,Up Trend Continues,FALSE,Lower,Down,FALSE,TRUE,FALSE,Up,Up,Down,Up,Down,Stable,5.557129,TRUE,up,0.021345828,0.002792498,-0.035095998,1.096190476,Won,Won,0.30401426553726196,0.4691079556941986,,,,,,Won,0.30401426553726196,0.4691079556941986,0.16589267551898956,0.060985073
Flat,Up,Up,Yes,Currently in Up Trend,Up Trend Continues,FALSE,Higher,Stable,FALSE,FALSE,FALSE,Up,Up,Up,Up,Up,Down,20.813477,TRUE,up,0.026916566,0.005970007,-0.035095998,0.801818182,Won,Won,0.30347856879234314,0.450378418,,,,,,Won,0.30347856879234314,0.450378418,0.092701875,0.15344111621379852
Flat,Up,Down,No,Just Entered Down Trend,Currently in Down Trend,FALSE,Lower,Stable,TRUE,TRUE,FALSE,Up,Up,Down,Down,Down,Stable,47.657715,FALSE,down,0.02458265,0.001467556,-0.032506596,0.989545455,No Trade,Won,0.3002290427684784,0.3202930688858032,,,,,,Won,0.3002290427684784,0.3202930688858032,0.1836589276790619,0.1958189606666565
Flat,Up,Up,Yes,Currently in Up Trend,Up Trend Continues,FALSE,Higher,Up,TRUE,TRUE,FALSE,Up,Up,Down,Down,Down,Stable,-5.852783,TRUE,down,0.036309985,0.004184733,-0.032506596,1.112380952,Won,Won,0.29836341738700867,0.43348172307014465,,,,,,Won,0.29836341738700867,0.43348172307014465,0.17107480764389038,0.097080022
Down,Up,Down,Yes,Reversal Coming,Currently in Down Trend,FALSE,Lower,Down,TRUE,TRUE,FALSE,Up,Up,Down,Down,Down,Stable,28.410156,FALSE,down,0.01862424,0.000910488,-0.032506596,0.936363636,Folded,Won,0.2980019152164459,0.39299431443214417,,,,,,Won,0.2980019152164459,0.39299431443214417,0.2180415689945221,0.090962172
Flat,Up,Down,No,Just Entered Down Trend,Currently in Down Trend,FALSE,Higher,Stable,TRUE,TRUE,TRUE,Up,Up,Down,Down,Down,Stable,14.61377,TRUE,down,0.013231794,0.001264042,-0.035095998,0.82,Won,Won,0.2943604588508606,0.44147273898124695,,,,,,Won,0.2943604588508606,0.44147273898124695,0.10521888732910156,0.1589478999376297
Down,Ambig,Down,Yes,Reversal Coming,Currently in Down Trend,FALSE,Higher,Up,TRUE,TRUE,TRUE,Down,Down,Up,Down,Down,Down,23.55762,FALSE,down,0.029435814,0.005610862,-0.035095998,0.979545455,No Trade,Won,0.2911407947540283,0.4391043782234192,,,,,,Won,0.2911407947540283,0.4391043782234192,0.082346633,0.1874081939458847
Flat,Up,Down,Yes,Reversal Coming,Currently in Down Trend,FALSE,Higher,Up,TRUE,TRUE,FALSE,Up,Up,Up,Down,Down,Stable,31.085937,TRUE,up,0.012699923,0.000356536,0.055060556,0.475555556,Won,Won,0.28602689504623413,0.4961732029914856,,,,,,Won,0.28602689504623413,0.4961732029914856,0.18440799415111542,0.033391964
Up,Up,Up,Yes,Currently in Up Trend,Up Trend Continues,FALSE,Higher,Up,FALSE,TRUE,FALSE,Up,Up,Up,Up,Up,Stable,3.050293,TRUE,up,0.006603384,0.001632972,0.055060556,0.475925926,Won,Won,0.28252673149108887,0.4865962564945221,,1,,,,Won,0.28252673149108887,0.4865962564945221,0.1724376082420349,0.05843946
Flat,Up,Up,Yes,Currently in Up Trend,Up Trend Continues,FALSE,Higher,Up,FALSE,TRUE,FALSE,Up,Up,Up,Down,Down,Stable,15.01001,TRUE,up,0.003535969,0.000492298,0.040724869,0.469259259,Lost,Won,0.2760184407234192,0.5111870765686035,,1,,,,Won,0.2760184407234192,0.5111870765686035,0.14069154858589172,0.07210286
Flat,Up,Up,Yes,Currently in Up Trend,Up Trend Continues,FALSE,Lower,Stable,TRUE,TRUE,FALSE,Up,Up,Up,Down,Up,Stable,9.141113,TRUE,down,0.007236545,0.001856259,-0.035095998,0.813636364,Won,Won,0.2742616534233093,0.382972389,,,,,,Won,0.2742616534233093,0.382972389,0.21544219553470612,0.12732377648353577
Flat,Up,Up,Yes,Currently in Up Trend,Up Trend Continues,FALSE,Lower,Down,FALSE,FALSE,TRUE,Up,Down,Down,Up,Up,Stable,-19.005371,TRUE,up,0.027821703,0.004896044,-0.035095998,0.853181818,Folded,Won,0.2684055268764496,0.5336470007896423,,,,,,Won,0.2684055268764496,0.5336470007896423,0.12331435084342957,0.074633166
Flat,Up,Down,No,Just Entered Down Trend,Currently in Down Trend,FALSE,Lower,Stable,TRUE,TRUE,TRUE,Up,Up,Down,Down,Down,Stable,7.7651371,TRUE,down,0.009423985,0.000733954,-0.035095998,0.825,Won,Won,0.26670530438423157,0.4665795862674713,,,,,,Won,0.26670530438423157,0.4665795862674713,0.12495635449886322,0.1417587548494339
Flat,Up,Up,Yes,Currently in Up Trend,Up Trend Continues,FALSE,Lower,Stable,FALSE,TRUE,FALSE,Up,Up,Down,Down,Down,Stable,-17.670654,TRUE,down,0.034750613,0.001024091,-0.040671085,1.223333333,Won,Won,0.26529598236083984,0.4007875919342041,,,,,,Won,0.26529598236083984,0.4007875919342041,0.22067749500274658,0.1132388710975647
Up,Up,Up,Yes,Currently in Up Trend,Up Trend Continues,FALSE,Lower,Down,FALSE,TRUE,FALSE,Up,Up,Down,Up,Down,Stable,9.987793,TRUE,up,0.022110584,0.00672336,-0.058900975,1.182857143,Won,Won,0.26394835114479065,0.4086705148220062,,,,,,Won,0.26394835114479065,0.4086705148220062,0.2389192283153534,0.088461906
Flat,Up,Down,Yes,Reversal Coming,Currently in Down Trend,FALSE,Lower,Down,TRUE,TRUE,FALSE,Up,Up,Down,Down,Down,Stable,27.1542964,TRUE,up,0.021620837,0.004304716,-0.035095998,0.850454545,Won,Won,0.2626679241657257,0.45842909812927246,,,,,,Won,0.2626679241657257,0.45842909812927246,0.23433330655097961,0.044569604098796844
Up,Up,Up,Yes,Currently in Up Trend,Up Trend Continues,FALSE,Higher,Stable,FALSE,TRUE,FALSE,Up,Up,Up,Up,Up,Stable,3.747559,TRUE,up,0.019459641,0.005044181,-0.035095998,0.725652174,Won,Won,0.2615356743335724,0.3919275999069214,,,,,,Won,0.2615356743335724,0.3919275999069214,0.21227949857711792,0.1342572420835495
Up,Up,Up,Yes,Currently in Up Trend,Up Trend Continues,FALSE,Higher,Stable,FALSE,TRUE,FALSE,Up,Up,Up,Up,Up,Stable,10.309571,TRUE,up,0.008004654,0.00334306,-0.035095998,0.6028,Lost,Won,0.26071810722351074,0.38065704703330994,,,,,,Won,0.26071810722351074,0.38065704703330994,0.21016080677509308,0.14846403896808624
Flat,Ambig,Down,Yes,Reversal Coming,Currently in Down Trend,FALSE,Higher,Up,TRUE,TRUE,TRUE,Down,Down,Up,Up,Up,Down,8.20606,TRUE,up,0.025991705,0.007808305,-0.035095998,1.043636364,Folded,Won,0.2564065754413605,0.5744366645812988,,,,,,Won,0.2564065754413605,0.5744366645812988,0.083913848,0.085242942
Up,Up,Up,Yes,Currently in Up Trend,Reversal Coming,FALSE,Higher,Up,FALSE,TRUE,TRUE,Down,Down,Up,Up,Up,Stable,-51.88086,TRUE,up,0.034170829,0.003436132,-0.032449737,1.242857143,Won,Won,0.25443658232688904,0.33124375343322754,,,,,,Won,0.25443658232688904,0.33124375343322754,0.2384580373764038,0.175861657
Flat,Up,Up,Yes,Currently in Up Trend,Up Trend Continues,FALSE,Higher,Up,FALSE,TRUE,FALSE,Up,Up,Down,Down,Down,Stable,38.49707,TRUE,down,0.014656845,0.000471405,0.055060556,0.428214286,Folded,Won,0.25367388129234314,0.46585220098495483,,,,,1,Won,0.25367388129234314,0.46585220098495483,0.20668962597846985,0.073784247
Flat,Up,Up,Yes,Currently in Up Trend,Up Trend Continues,FALSE,Lower,Down,FALSE,TRUE,FALSE,Up,Up,Down,Down,Down,Stable,36.693848,TRUE,up,0.009835271,0.001648605,-0.035095998,0.738695652,Won,Won,0.25238358974456787,0.45647409558296204,,,,,,Won,0.25238358974456787,0.45647409558296204,0.19293619692325592,0.098206155
Flat,Up,Up,Yes,Currently in Up Trend,Up Trend Continues,FALSE,Lower,Down,FALSE,TRUE,FALSE,Up,Up,Down,Up,Up,Up,-14.89502,TRUE,down,0.021916933,0.005786411,-0.058900975,1.401428571,Lost,Won,0.2510697543621063,0.3993721604347229,,,,,,Won,0.2510697543621063,0.3993721604347229,0.265609473,0.083948538
Down,Up,Down,No,Just Entered Down Trend,Currently in Down Trend,FALSE,Lower,Stable,TRUE,TRUE,TRUE,Up,Up,Down,Down,Down,Stable,76.846192,FALSE,down,0.033709038,0.016407221,-0.031311986,2.162380952,Won,Won,0.2476096749305725,0.36101505160331726,1,,,,,Won,0.2476096749305725,0.36101505160331726,0.10790958255529404,0.2834656834602356
Up,Up,Up,Yes,Currently in Up Trend,Up Trend Continues,FALSE,Higher,Up,TRUE,TRUE,FALSE,Up,Up,Up,Up,Up,Stable,-1.833984,TRUE,up,0.031294363,0.002731554,-0.058900975,1.29952381,Lost,Won,0.24101798236370087,0.43786075711250305,,,,,,Won,0.24101798236370087,0.43786075711250305,0.18764819204807281,0.13347305357456207
Flat,Up,Up,Yes,Currently in Up Trend,Up Trend Continues,FALSE,Higher,Stable,FALSE,TRUE,FALSE,Up,Up,Up,Up,Up,Stable,17.309571,TRUE,up,0.019371413,0.005884231,-0.035095998,0.703043478,Won,Won,0.2317727506160736,0.45440614223480225,,,,,,Won,0.2317727506160736,0.45440614223480225,0.1805170476436615,0.13330404460430145
Down,Up,Down,Yes,Reversal Coming,Currently in Down Trend,FALSE,Lower,Down,TRUE,TRUE,TRUE,Up,Up,Down,Down,Up,Stable,-8.691406,TRUE,up,0.035891366,0.003166886,-0.035095998,1.039090909,No Trade,Won,0.23152272403240204,0.6075594425201416,,,,,,Won,0.23152272403240204,0.6075594425201416,0.10820170491933823,0.052716076374053955
Flat,Up,Up,Yes,Currently in Up Trend,Up Trend Continues,FALSE,Lower,Down,FALSE,FALSE,FALSE,Up,Down,Up,Up,Up,Stable,-28.914307,TRUE,up,0.036769216,0.006546802,-0.058900975,1.493809524,Won,Won,0.23027530312538147,0.5141271948814392,,,,,,Won,0.23027530312538147,0.5141271948814392,0.17310841381549835,0.082489073
Flat,Up,Up,Yes,Currently in Up Trend,Up Trend Continues,FALSE,Higher,Stable,FALSE,TRUE,TRUE,Up,Down,Down,Up,Up,Stable,-23.3432589,TRUE,down,0.020364127,0.000776485,-0.035095998,0.852727273,Lost,Won,0.22979171574115753,0.48278868198394775,,,,,,Won,0.22979171574115753,0.48278868198394775,0.16984343528747559,0.11757618188858032
Flat,Up,Down,No,Just Entered Down Trend,Currently in Down Trend,FALSE,Lower,Down,TRUE,TRUE,TRUE,Up,Up,Down,Down,Down,Stable,8.846191,TRUE,down,0.011235452,0.000663205,-0.035095998,0.814090909,Lost,Won,0.22947795689105988,0.5498324632644653,,,,,,Won,0.22947795689105988,0.5498324632644653,0.12525801360607147,0.095431589
Flat,Ambig,Down,Yes,Reversal Coming,Currently in Down Trend,FALSE,Higher,Up,TRUE,TRUE,TRUE,Up,Up,Up,Down,Down,Stable,6.64209,TRUE,up,0.036820106,0.007794682,-0.035095998,1.206666667,Won,Won,0.22722479701042175,0.5367361307144165,,,,,,Won,0.22722479701042175,0.5367361307144165,0.10393571108579636,0.1321033537387848
Flat,Up,Up,Yes,Currently in Up Trend,Up Trend Continues,FALSE,Higher,Up,TRUE,TRUE,FALSE,Up,Up,Down,Down,Up,Stable,13.063965,TRUE,down,0.012202374,0.00032081,-0.035095998,0.794545455,Won,Won,0.2272067368030548,0.4415571391582489,,,,,,Won,0.2272067368030548,0.4415571391582489,0.1792045682668686,0.1520315557718277
Up,Up,Up,Yes,Currently in Up Trend,Up Trend Continues,FALSE,Higher,Up,FALSE,TRUE,FALSE,Up,Up,Down,Up,Up,Stable,-24.821294,TRUE,up,0.029643073,0.000664953,-0.035095998,1.042727273,No Trade,Won,0.22529932856559753,0.47978857159614563,,,,,,Won,0.22529932856559753,0.47978857159614563,0.1766948401927948,0.11821731179952621
Flat,Up,Up,Yes,Currently in Up Trend,Up Trend Continues,FALSE,Higher,Up,FALSE,TRUE,FALSE,Up,Up,Up,Down,Up,Stable,10.27002,TRUE,up,0.004551264,3.11976E-05,0.040724869,0.462962963,Won,Won,0.22444665431976318,0.5529569983482361,,1,1,,,Won,0.22444665431976318,0.5529569983482361,0.13991491496562958,0.082681365
Up,Up,Up,Yes,Currently in Up Trend,Up Trend Continues,FALSE,Higher,Stable,FALSE,TRUE,FALSE,Up,Up,Down,Down,Down,Stable,25.29248,TRUE,down,0.016625251,0.001734413,-0.058900975,1.002272727,Won,Won,0.22433044016361237,0.28674837946891785,,,,,,Won,0.22433044016361237,0.28674837946891785,0.2674512267112732,0.2214699238538742
Up,Up,Up,Yes,Currently in Up Trend,Up Trend Continues,FALSE,Lower,Down,FALSE,FALSE,FALSE,Up,Up,Up,Up,Up,Stable,38.033691,TRUE,up,0.014287447,0.012466427,-0.032506596,0.918181818,Lost,Won,0.21642380952835083,0.40936532616615295,,,,,,Won,0.21642380952835083,0.40936532616615295,0.2494061440229416,0.12480469048023224
Flat,Up,Down,No,Just Entered Down Trend,Currently in Down Trend,FALSE,Lower,Down,FALSE,TRUE,FALSE,Up,Up,Down,Down,Down,Stable,64.121098,TRUE,down,0.013596327,0.003653107,0.055060556,0.797727273,Won,Won,0.20867732167243958,0.5278992652893066,1,,,,,Won,0.20867732167243958,0.5278992652893066,0.20641706883907318,0.057006311
Flat,Up,Up,Yes,Currently in Up Trend,Up Trend Continues,FALSE,Higher,Stable,FALSE,TRUE,FALSE,Up,Up,Up,Down,Up,Stable,31.090823,TRUE,up,0.022597729,0.007340803,-0.035095998,0.945909091,Won,Won,0.20384491980075836,0.43668514490127563,,,,,,Won,0.20384491980075836,0.43668514490127563,0.18390321731567383,0.17556670308113098
Up,Up,Up,Yes,Currently in Up Trend,Up Trend Continues,FALSE,Lower,Down,FALSE,FALSE,TRUE,Up,Up,Up,Up,Up,Stable,-16.8017577,TRUE,up,0.051184728,0.021935484,-0.043134488,1.452380952,Lost,Won,0.20161226391792297,0.5260908603668213,,,1,,,Won,0.20161226391792297,0.5260908603668213,0.17850498855113983,0.093791895
Up,Up,Up,Yes,Currently in Up Trend,Up Trend Continues,FALSE,Higher,Up,FALSE,TRUE,FALSE,Up,Up,Down,Down,Up,Stable,-9.779785,TRUE,up,0.0176365,0.000271223,-0.035095998,0.736956522,Folded,Won,0.19468563795089722,0.45713210105895996,,,,,,Won,0.19468563795089722,0.45713210105895996,0.18156032264232635,0.16662195324897766
Flat,Ambig,Down,Yes,Reversal Coming,Currently in Down Trend,FALSE,Higher,Up,TRUE,TRUE,FALSE,Up,Up,Up,Down,Up,Stable,35.657227,TRUE,up,0.026050313,0.000126884,-0.035095998,0.858181818,Won,Won,0.19188866019248962,0.48524701595306396,,,,,,Won,0.19188866019248962,0.48524701595306396,0.14766758680343628,0.17519667744636536
Flat,Up,Down,Yes,Reversal Coming,Currently in Down Trend,FALSE,Higher,Up,TRUE,TRUE,FALSE,Up,Up,Down,Down,Down,Stable,24.310791,FALSE,down,0.022013343,0.005888607,-0.035095998,1.023636364,Folded,Won,0.1910056471824646,0.3843570053577423,,,,,,Won,0.1910056471824646,0.3843570053577423,0.29043322801589966,0.13420407474040985
Flat,Up,Up,Yes,Currently in Up Trend,Up Trend Continues,FALSE,Lower,Down,FALSE,TRUE,FALSE,Up,Up,Down,Down,Up,Stable,-7.294918,TRUE,down,0.024746705,0.003579283,-0.035095998,1.122380952,Won,Won,0.18089176714420319,0.4979947507381439,,,,,,Won,0.18089176714420319,0.4979947507381439,0.2271437644958496,0.093969725
Up,Up,Up,Yes,Currently in Up Trend,Up Trend Continues,FALSE,Higher,Up,FALSE,TRUE,FALSE,Up,Up,Up,Up,Up,Stable,-20.7138674,TRUE,up,0.021110336,0.001322373,-0.035095998,0.836363636,No Trade,Won,0.16997027397155762,0.501204789,,,,,,Won,0.16997027397155762,0.501204789,0.20007650554180145,0.12874852120876312
Flat,Up,Up,Yes,Currently in Up Trend,Up Trend Continues,FALSE,Lower,Down,FALSE,TRUE,FALSE,Up,Up,Down,Down,Up,Stable,11.546387,TRUE,down,0.012283129,0.001045824,-0.035095998,0.808181818,Lost,Won,0.16726566851139069,0.4782595932483673,,,,,,Won,0.16726566851139069,0.4782595932483673,0.24297988414764404,0.11149489879608154
Up,Up,Up,Yes,Currently in Up Trend,Up Trend Continues,FALSE,Higher,Up,FALSE,TRUE,FALSE,Up,Up,Up,Up,Up,Stable,-12.556885,TRUE,up,0.02145676,0.001343079,-0.035095998,0.989545455,No Trade,Won,0.16646312177181244,0.4932154715061188,,,,,,Won,0.16646312177181244,0.4932154715061188,0.2042464315891266,0.1360749751329422
Flat,Up,Down,Yes,Reversal Coming,Currently in Down Trend,FALSE,Higher,Up,TRUE,TRUE,FALSE,Up,Up,Up,Down,Down,Stable,28.263183,TRUE,up,0.017077799,0.004181243,-0.035095998,0.795454545,Won,Won,0.15879468619823456,0.5109085440635681,,,,,,Won,0.15879468619823456,0.5109085440635681,0.2417965978384018,0.088500135
Flat,Up,Up,Yes,Currently in Up Trend,Up Trend Continues,FALSE,Higher,Up,FALSE,TRUE,FALSE,Up,Up,Up,Down,Down,Down,7.0551757,TRUE,down,0.005950637,7.88857E-05,-0.035095998,0.73,Won,Won,0.13478903472423553,0.5547818541526794,,1,,,,Won,0.13478903472423553,0.5547818541526794,0.14397825300693512,0.16645082831382751
Up,Up,Up,Yes,Currently in Up Trend,Up Trend Continues,FALSE,Higher,Up,FALSE,TRUE,FALSE,Up,Up,Up,Down,Up,Stable,8.66113,TRUE,up,0.021766114,0.004601566,-0.035095998,0.985,Won,Won,0.1334555745124817,0.46552708745002747,,,,,,Won,0.1334555745124817,0.46552708745002747,0.2187667191028595,0.18225060403347015
Up,Up,Up,Yes,Currently in Up Trend,Up Trend Continues,FALSE,Higher,Up,FALSE,TRUE,FALSE,Up,Up,Up,Up,Up,Stable,5.4729,TRUE,up,0.01322691,8.50678E-05,-0.058900975,1.243809524,Won,Won,0.13304851949214935,0.4510727822780609,,,,,,Won,0.13304851949214935,0.4510727822780609,0.2135453075170517,0.20233336091041565
Up,Up,Up,Yes,Currently in Up Trend,Up Trend Continues,FALSE,Higher,Up,FALSE,TRUE,FALSE,Up,Up,Up,Up,Up,Stable,8.177246,TRUE,up,0.022418353,0.000473138,-0.058900975,1.158095238,Won,Won,0.12519489228725433,0.4556957185268402,,,,,,Won,0.12519489228725433,0.4556957185268402,0.2263478934764862,0.19276154041290283
Flat,Up,Down,Yes,Reversal Coming,Currently in Down Trend,FALSE,Higher,Up,TRUE,TRUE,TRUE,Up,Up,Up,Down,Down,Stable,-2.0014648,TRUE,down,0.018135377,0.002078581,-0.035095998,0.880909091,Won,Won,0.11858527362346649,0.5578790307044983,,,,,,Won,0.11858527362346649,0.5578790307044983,0.22758425772190094,0.095951475
Up,Up,Up,Yes,Currently in Up Trend,Up Trend Continues,FALSE,Higher,Up,FALSE,TRUE,FALSE,Up,Up,Up,Down,Up,Stable,39.802731,TRUE,up,0.020880567,0.002803269,-0.035095998,1.1,Won,Won,0.11462840437889099,0.429068923,,,,,,Won,0.11462840437889099,0.429068923,0.23985415697097778,0.2164485901594162
Flat,Up,Down,Yes,Reversal Coming,Currently in Down Trend,FALSE,Higher,Up,TRUE,TRUE,TRUE,Up,Up,Up,Down,Up,Stable,8.721191,TRUE,up,0.030796578,0.002266947,-0.035095998,0.974545455,Won,Won,0.11450496315956116,0.6141796708106995,,,,,,Won,0.114504963,0.614179671,0.173740193,0.097575173
Down,Ambig,Down,Yes,Reversal Coming,Currently in Down Trend,FALSE,Higher,Stable,TRUE,TRUE,TRUE,Down,Up,Up,Up,Down,Stable,6.375489,FALSE,up,0.018629551,0.001665724,0.040724869,0.548148148,Won,No Trade,0.76298511,0.17421087622642517,,,,,,No Trade,0.76298511,0.17421087622642517,0.028863937,0.033940114080905914
Up,Up,Up,Yes,Currently in Up Trend,Up Trend Continues,FALSE,Higher,Stable,FALSE,FALSE,FALSE,Up,Up,Down,Up,Up,Up,2.902832,TRUE,up,0.019847931,0.006231058,0.055060556,0.843181818,No Trade,No Trade,0.728160024,0.15768630802631378,,,,,,No Trade,0.728160024,0.15768630802631378,0.081636891,0.032516855746507645
Up,Up,Up,Yes,Currently in Up Trend,Up Trend Continues,FALSE,Higher,Stable,FALSE,TRUE,FALSE,Up,Up,Down,Up,Up,Up,-58.8559571,TRUE,up,0.019889978,0.008982255,0.055060556,0.703913043,No Trade,No Trade,0.713284969,0.19393955171108246,,,,,,No Trade,0.713284969,0.19393955171108246,0.075710095,0.017065333
Down,Ambig,Down,Yes,Reversal Coming,Currently in Down Trend,FALSE,Lower,Stable,TRUE,TRUE,TRUE,Down,Down,Up,Down,Down,Down,21.76685,FALSE,down,0.019240996,0.006065089,0.055060556,0.856363636,No Trade,No Trade,0.633868933,0.2704000473022461,,,,,,No Trade,0.633868933,0.2704000473022461,0.051584266,0.044146835803985596
Flat,Up,Up,Yes,Currently in Up Trend,Reversal Coming,FALSE,Lower,Stable,TRUE,TRUE,FALSE,Up,Up,Down,Down,Down,Stable,7.85962,TRUE,down,0.0084176,0.001185474,0.040724869,0.473333333,No Trade,No Trade,0.608314037,0.16004407405853271,,,,,,No Trade,0.608314037,0.16004407405853271,0.15933866798877716,0.072303243
Up,Up,Up,Yes,Currently in Up Trend,Up Trend Continues,FALSE,Higher,Stable,FALSE,FALSE,FALSE,Up,Up,Up,Up,Up,Stable,-57.936035,TRUE,up,0.023431417,0.011047886,0.055060556,0.552222222,No Trade,No Trade,0.599502444,0.2895349860191345,,,,,,No Trade,0.599502444,0.2895349860191345,0.079593591,0.031368975
Up,Up,Up,Yes,Currently in Up Trend,Up Trend Continues,FALSE,Higher,Stable,FALSE,TRUE,FALSE,Up,Up,Down,Up,Up,Up,8.831543,TRUE,down,0.011542842,0.001127667,0.055060556,0.481481481,No Trade,No Trade,0.542184055,0.22358858585357666,,,,,,No Trade,0.542184055,0.22358858585357666,0.1926090121269226,0.041618332266807556
Up,Up,Up,Yes,Currently in Up Trend,Up Trend Continues,FALSE,Higher,Stable,FALSE,FALSE,FALSE,Up,Up,Up,Up,Up,Stable,-23.88916,TRUE,up,0.015192868,0.007068564,0.040724869,0.554074074,No Trade,No Trade,0.541888952,0.30149394273757935,,,,,,No Trade,0.541888952,0.30149394273757935,0.10322052985429764,0.053396542
Flat,Ambig,Down,No,Just Entered Down Trend,Currently in Down Trend,FALSE,Lower,Down,TRUE,TRUE,FALSE,Up,Up,Down,Down,Down,Stable,30.873047,TRUE,down,0.013814997,0.003394014,0.055060556,0.533703704,No Trade,No Trade,0.532105029,0.35503968596458435,,,,,,No Trade,0.532105029,0.35503968596458435,0.067934275,0.044920966029167175
Up,Up,Up,Yes,Currently in Up Trend,Up Trend Continues,FALSE,Higher,Stable,FALSE,TRUE,FALSE,Up,Up,Up,Up,Up,Stable,0.328613,TRUE,up,0.013258897,0.000843718,0.055060556,0.467777778,No Trade,No Trade,0.457614928,0.3533902168273926,,,,,,No Trade,0.457614928,0.3533902168273926,0.1430038958787918,0.045990888
Flat,Up,Up,Yes,Currently in Up Trend,Up Trend Continues,FALSE,Lower,Down,FALSE,FALSE,FALSE,Up,Up,Down,Down,Up,Stable,14.369628,TRUE,up,0.013719076,0.003543147,0.055060556,0.492962963,No Trade,No Trade,0.455106258,0.4010999798774719,,,,,,No Trade,0.455106258,0.4010999798774719,0.1030169203877449,0.040776782
Flat,Down,Down,Yes,Reversal Coming,Currently in Down Trend,FALSE,Higher,Up,TRUE,TRUE,TRUE,Down,Down,Up,Up,Down,Stable,0.2351,TRUE,down,0.033711971,0.007387116,0.040724869,0.816818182,Lost,No Trade,0.450723797,0.38238295912742615,,,,,,No Trade,0.450723797,0.38238295912742615,0.15322409570217133,0.013669123873114586
Up,Up,Up,Yes,Currently in Up Trend,Up Trend Continues,FALSE,Higher,Stable,FALSE,TRUE,FALSE,Up,Up,Down,Up,Up,Up,12.556153,TRUE,up,0.027856345,0.007225803,-0.032506596,0.906818182,No Trade,No Trade,0.422500342,0.2677518129348755,,,,,,No Trade,0.422500342,0.2677518129348755,0.2091323882341385,0.10061545670032501
Flat,Up,Down,Yes,Reversal Coming,Currently in Down Trend,FALSE,Lower,Stable,FALSE,FALSE,FALSE,Up,Up,Up,Up,Down,Stable,9.9658206,TRUE,up,0.016716824,0.000417524,0.055060556,0.530740741,No Trade,Won,0.364861399,0.41195282340049744,,,,,,Won,0.364861399,0.41195282340049744,0.19085367023944855,0.032332025
Flat,Down,Down,Yes,Reversal Coming,Currently in Down Trend,FALSE,Higher,Up,TRUE,TRUE,TRUE,Down,Down,Up,Down,Down,Stable,-12.8633,FALSE,down,0.061877551,0.018879049,-0.036874636,1.54,Won,Won,0.349438339,0.38535887002944946,,,,,,Won,0.349438339,0.38535887002944946,0.21288546919822693,0.052317339926958084
Down,Up,Down,Yes,Reversal Coming,Currently in Down Trend,FALSE,Lower,Stable,TRUE,TRUE,FALSE,Up,Up,Down,Down,Down,Stable,20.976318,FALSE,down,0.0254884,0.008925239,-0.058900975,1.23047619,Folded,Won,0.275168777,0.33517855405807495,,,,,,Won,0.275168777,0.33517855405807495,0.23193633556365967,0.15771634876728058
Flat,Up,Up,Yes,Currently in Up Trend,Up Trend Continues,FALSE,Lower,Down,FALSE,FALSE,FALSE,Up,Up,Down,Up,Up,Stable,-7.387207,TRUE,down,0.007545495,0.001456265,-0.035095998,0.696521739,Won,Won,0.259998083,0.44395774602890015,,,,,,Won,0.259998083,0.44395774602890015,0.1890072375535965,0.10703696310520172
